time_bin,iperf_retransmits_sum,iperf_rtt_us_mean,iperf_rtt_us_max,iperf_rttvar_us_mean,iperf_cwnd_bytes_mean,iperf_mbps_sum,iperf_achieved_ratio_mean,iperf_achieved_ratio_min,iperf_active_flows,iperf_bytes_sum,iperf_target_bw_sum,ping_rtt_ms_mean,ping_rtt_ms_max,ping_rtt_ms_std,ping_count,qdisc_backlog_pkt_max,qdisc_backlog_bytes_max,qdisc_drop_ratio_max,qdisc_dropped_delta_sum,qdisc_overlimit_delta_sum,qdisc_overlimit_rate_sum,qdisc_throughput_mbps_sum,qdisc_util_pct_max,qdisc_sent_pkt_delta_sum,host_rtt_ms_mean,host_minrtt_ms_min,host_cwnd_segs_mean,host_cwnd_segs_min,host_retrans_delta_sum,host_lost_delta_sum,host_delivery_mbps,host_socket_count,rtt_relative_iperf,rtt_relative_ping,retransmit_rate,queue_fill_ratio,host_delivery_ratio,iperf_achieved_ratio_capped,hf_A_retx_iperf,hf_A_retx_host,hf_A_lost_host,hf_A_loss,hf_B_rtt_iperf,hf_B_rtt_ping,hf_B_rttvar,hf_B_latency,hf_C_bw_iperf,hf_C_delivery_ss,hf_C_throughput,is_observable,congestion_state,congestion_binary,congestion_label
0,0.0,119726.75,,,,,,,0.0,,,119.3825,120.95,1.3616993060143674,4,0,0,0.0,0,0,0.0,0.0,0.0,0,,,,,0.0,0.0,,,1.0,0.997124702708459,0.0,0.0,,1.0,0,0,0,0,0,0,0,0,0,0,0,1,0,0,normal
1,0.0,119726.75,,,,,,,0.0,,,121.68333333333334,122.42,0.6389313995518873,3,0,0,0.0,0,0,0.0,0.2329,0.48,20,,,,,0.0,0.0,,,1.0,1.0163420733740234,0.0,0.0,,1.0,0,0,0,0,0,0,0,0,0,0,0,1,0,0,normal
2,0.0,119726.75,,,,,,,0.0,,,120.54333333333334,120.95,0.5635896852616563,3,0,349,0.0,0,0,0.0,0.0,0.0,0,,,,,0.0,0.0,,,1.0,1.006820391711404,0.0,0.0,,1.0,0,0,0,0,0,0,0,0,0,0,0,1,0,0,normal
3,0.0,119726.75,,,,,,,0.0,,,120.36666666666667,121.82,1.4353512926574195,3,0,565,0.0,0,0,0.0,0.5465,1.12,44,,,,,0.0,0.0,,,1.0,1.0053448094654427,0.0,0.0,,1.0,0,0,0,0,0,0,0,0,0,0,0,1,0,0,normal
4,0.0,119726.75,,,,,,,0.0,,,119.52,120.75,1.4922131215077845,3,0,593,0.0,0,0,0.0,1.3761999999999999,2.8,112,,,,,0.0,0.0,,,1.0,0.9982731511546084,0.0,0.0,,1.0,0,0,0,0,0,0,0,0,0,0,0,1,0,0,normal
5,0.0,119726.75,,,,,,,0.0,,,120.76333333333332,121.58,0.7518200139217708,3,0,190,0.0,0,0,0.0,0.0,0.0,0,,,,,0.0,0.0,,,1.0,1.0086579092252428,0.0,0.0,,1.0,0,0,0,0,0,0,0,0,0,0,0,1,0,0,normal
6,0.0,119562.9,119562.9,733.1,277500.0,12.7445,0.9972222222222223,0.9972222222222223,1.0,1593064.0,12.78,118.94666666666667,119.54,1.0190354916946418,3,0,128,0.0,0,0,0.0,26.6346,53.74,2122,119.441,119.827,185.0,183.0,0.0,0.0,12.8978,1.0,0.9986314670698069,0.9934844691488467,0.0,0.0,0.515912,0.9972222222222223,0,0,0,0,0,0,0,0,0,1,1,1,0,0,normal
7,0.0,120410.7,120410.7,1717.6,282000.0,12.9952,1.0168388106416277,1.0168388106416277,1.0,1624397.0,12.78,119.64999999999999,120.63,0.9219002115196644,3,0,145,0.0,0,0,0.0,25.7247,54.65,2140,120.41,119.99,188.0,188.0,0.0,0.0,12.9548,1.0,1.0057125913799547,0.9993589569582403,0.0,0.0,0.518192,1.0168388106416277,0,0,0,0,0,0,0,0,0,1,1,1,0,0,normal
8,0.0,120198.4,120198.4,865.6,310500.0,12.7165,0.9950312989045383,0.9950312989045383,1.0,1589558.0,12.78,120.35000000000001,121.85,1.7217433025860673,3,0,909,0.0,0,0,0.0,25.871899999999997,54.93,2122,120.34,120.175,207.0,207.0,0.0,0.0,12.7324,1.0,1.0039393869791002,1.005205603593182,0.0,0.0,0.509296,0.9950312989045383,0,0,0,0,0,0,0,0,0,1,1,1,0,0,normal
9,0.0,120008.2,120008.2,1204.9,286500.0,12.8243,1.0034663536776212,1.0034663536776212,1.0,1603037.0,12.78,120.25999999999999,120.74,0.4186884283091663,3,0,444,0.0,0,0,0.0,25.492800000000003,55.0,2122,120.134,120.248,191.0,189.0,0.0,0.0,11.7586,1.0,1.0023507695648632,1.004453891882975,0.0,0.0,0.470344,1.0034663536776212,0,0,0,0,0,0,0,0,0,1,1,1,0,0,normal
10,0.0,120246.5,120246.5,1221.1,370500.0,12.5675,0.9833724569640063,0.9833724569640063,1.0,1570934.0,12.78,119.69666666666666,120.49,0.6877014856268162,3,0,597,0.0,0,0,0.0,25.088,51.74,2098,120.12,119.864,247.0,244.0,0.0,0.0,12.7952,1.0,1.0043411351264442,0.9997487334005697,0.0,0.0,0.5118079999999999,0.9833724569640063,0,0,0,0,0,0,0,0,0,1,1,1,0,0,normal
11,0.0,119561.0,119561.0,908.3,265500.0,12.7865,1.0005086071987481,1.0005086071987481,1.0,1598314.0,12.78,119.79666666666667,121.29,1.3019344581557601,3,0,1024,0.0,0,0,0.0,25.060299999999998,51.77,2128,119.556,120.123,177.0,177.0,0.0,0.0,12.4854,1.0,0.9986155976003692,1.000583968634133,0.0,0.0,0.499416,1.0005086071987481,0,0,0,0,0,0,0,0,0,1,1,1,0,0,normal
12,0.0,120183.2,120183.2,1929.0,316500.0,12.5835,0.9846244131455401,0.9846244131455401,1.0,1572939.0,12.78,120.01666666666667,121.77,2.1555819013281146,3,0,381,0.0,0,0,0.0,25.7925,53.95,2110,120.116,119.757,211.0,210.0,0.0,0.0,12.9024,1.0,1.0038124312235988,1.0024214861479717,0.0,0.0,0.516096,0.9846244131455401,0,0,0,0,0,0,0,0,0,1,1,1,0,0,normal
13,0.0,120270.0,120270.0,843.9,345000.0,13.1531,1.0291940532081378,1.0291940532081378,1.0,1644132.0,12.78,120.73333333333333,121.6,1.4323872846871106,3,0,227,0.0,0,0,0.0,25.5751,53.15,2154,120.528,119.737,230.0,227.0,0.0,0.0,12.2935,1.0,1.0045374154063316,1.008407338655174,0.0,0.0,0.49174,1.0291940532081378,0,0,0,0,0,0,0,0,0,1,1,1,0,0,normal
14,0.0,120997.1,120997.1,649.6,283500.0,12.5747,0.9839358372456964,0.9839358372456964,1.0,1571838.0,12.78,122.14333333333333,122.82,0.9400177303292414,3,0,903,0.0,0,0,0.0,25.291800000000002,51.75,2114,120.841,119.724,189.0,189.0,0.0,0.0,11.6005,1.0,1.0106104107895688,1.0201841554484135,0.0,0.0,0.46402,0.9839358372456964,0,0,0,0,0,0,0,0,0,1,1,1,0,0,normal
15,0.0,119951.7,119951.7,1423.8,280500.0,12.8213,1.0032316118935838,1.0032316118935838,1.0,1602662.0,12.78,120.32000000000001,121.06,0.7607890640644056,3,0,903,0.0,0,0,0.0,24.6214,49.66,2132,119.678,119.939,187.0,184.0,0.0,0.0,12.6185,1.0,1.0018788616579002,1.0049550330231132,0.0,0.0,0.50474,1.0032316118935838,0,0,0,0,0,0,0,0,0,1,1,1,0,0,normal
16,0.0,120378.8,120378.8,960.6,336000.0,12.6387,0.988943661971831,0.988943661971831,1.0,1579837.0,12.78,120.98333333333333,123.94,2.567222883454677,3,0,881,0.0,0,0,0.0,25.589399999999998,54.12,2118,120.201,119.984,224.0,222.0,0.0,0.0,12.7112,1.0,1.0054461513404482,1.0104954267390815,0.0,0.0,0.508448,0.988943661971831,0,0,0,0,0,0,0,0,0,1,1,1,0,0,normal
17,0.0,119768.35,119864.6,489.25,361500.0,18.6637,0.9982746812123927,0.9916354344122658,2.0,2332961.0,18.65,122.13,127.32,4.653396608929866,3,1,1550,0.0,0,0,0.0,36.3163,73.54,3114,119.862,119.824,241.0,239.0,0.0,0.0,18.8619,2.0,1.0003474578571623,1.020072790750605,0.0,0.03333333333333333,0.7544759999999999,1.000734584450402,0,0,0,0,0,0,0,0,0,1,1,1,0,0,normal
18,0.0,128365.93333333333,128485.6,7690.2,289500.0,25.040300000000002,0.8409867446301803,0.8328403755868545,3.0,3130043.0,29.86,130.84666666666666,134.15,3.070379998197842,3,15,23289,0.0,0,52,51.038,49.2117,99.45,4178,128.26,119.946,193.0,190.0,0.0,0.0,23.2588,3.0,1.0721575030921104,1.0928774619428545,0.0,0.5,0.9303520000000001,1.0016120000000002,0,0,0,0,0,1,1,1,0,0,1,1,1,1,onset
19,0.0,133325.2666666667,133573.4,33483.03333333333,318000.0,25.0349,0.840074690221002,0.8309901873327386,3.0,3129361.0,29.86,131.48,133.28,2.473135661462987,3,27,41361,0.0,0,62,65.549,53.0629,107.95,4182,133.177,119.706,212.0,212.0,0.0,0.0,24.8022,3.0,1.1135796024419495,1.098167285088754,0.0,0.9,0.992088,1.001396,0,0,0,0,1,1,1,1,0,0,1,1,1,1,onset
20,0.0,131340.93333333332,131452.9,18812.033333333333,331500.0,24.9119,0.8285448661561747,0.8017035775127769,3.0,3113978.0,29.86,132.71,134.11,1.380434714139009,3,27,41691,0.0,0,66,67.57900000000001,51.9731,107.38,4228,131.425,119.912,221.0,220.0,0.0,0.0,23.8356,3.0,1.0970057512906124,1.1084406784615803,0.0,0.9,0.9534239999999999,0.9964759999999999,0,0,0,0,1,1,1,1,0,0,1,1,1,1,onset
21,14.0,133882.76666666666,134077.8,24160.3,196500.0,13.1939,0.43971681065320006,0.4294037478705281,3.0,1649226.0,29.86,133.91333333333333,136.7,2.4666238735026704,3,29,44005,0.007326,16,52,50.848,25.4442,52.59,2168,133.657,120.225,131.0,131.0,14.0,7.0,12.8447,3.0,1.1182360388690635,1.1184913424387894,0.006457564575645757,0.9666666666666667,0.513788,0.527756,1,1,1,1,1,1,1,1,1,1,1,1,2,1,congested
22,0.0,131250.66666666666,131503.6,24927.2,394500.0,25.3921,0.8533673804273684,0.8360124888492417,3.0,3174005.0,29.86,130.55666666666667,132.3,2.255001847745005,3,26,39619,0.0,0,58,58.946,51.218,103.86,4198,131.342,120.213,263.0,262.0,0.0,0.0,23.8667,3.0,1.0962518122864493,1.0904552797655218,0.0,0.8666666666666667,0.9546680000000001,1.015684,0,0,0,0,1,0,1,1,0,0,1,1,1,1,onset
23,0.0,127225.45,127350.7,1099.3,280500.0,23.7418,0.9896550000767814,0.9896400625978091,2.0,2967731.0,23.990000000000002,129.29,130.38,1.0705606008068789,3,16,24813,0.0,0,2,2.0860000000000003,50.2183,102.28,4010,127.327,119.974,187.0,186.0,0.0,0.0,22.0015,2.0,1.0626317844591957,1.0798756334737225,0.0,0.5333333333333333,0.88006,0.9896540225093788,0,0,0,0,0,0,0,0,0,0,0,1,0,0,normal
24,0.0,126223.35,126488.7,21074.25,361500.0,24.3364,1.014472417316866,1.013967136150235,2.0,3042055.0,23.990000000000002,126.43,127.12,0.7571657678474369,3,13,19773,0.0,0,6,6.164,50.0638,103.72,4060,126.486,119.971,241.0,240.0,0.0,0.0,24.7886,2.0,1.05426189218366,1.0559879057938182,0.0,0.43333333333333335,0.991544,1.0144393497290538,0,0,0,0,0,0,1,0,0,0,1,1,0,0,normal
25,0.0,128861.86666666665,129041.0,3833.633333333333,300000.0,25.5223,0.6898556251528246,0.682876923076923,3.0,3190294.0,36.99,130.40333333333334,131.3,0.7918543637142749,3,18,27945,0.0,0,116,118.22,51.6344,105.39,4222,128.731,119.983,200.0,197.0,0.0,0.0,23.7497,3.0,1.0762997130270942,1.089174585740725,0.0,0.6,0.949988,1.0208920000000001,0,0,0,0,0,0,0,0,0,0,0,1,0,0,normal
26,0.0,133982.36666666667,134212.2,15192.699999999999,345000.0,25.5942,0.6920060644983375,0.6898076923076922,3.0,3199278.0,36.99,134.18,135.05,0.812834546509934,3,28,43255,0.0,0,110,109.373,50.372,102.99,4220,134.077,119.805,230.0,227.0,0.0,0.0,23.7408,3.0,1.1190679331616926,1.1207186363949577,0.0,0.9333333333333333,0.949632,1.023768,0,0,0,0,1,1,1,1,0,0,1,1,1,1,onset
27,3.0,132955.5,132981.5,33071.0,225000.0,18.8953,0.5112388284749657,0.5028794992175274,3.0,2361904.0,36.99,133.23333333333332,136.87,3.1501163999657864,3,30,46407,0.002559,8,112,117.832,39.3771,80.65,3118,132.971,120.164,150.0,148.0,3.0,2.0,17.8009,3.0,1.1104911809599776,1.1128117428505604,0.0009621552277100705,1.0,0.7120359999999999,0.7558119999999999,1,1,1,1,1,1,1,1,1,1,1,1,2,1,congested
28,0.0,137217.63333333333,137373.7,13913.966666666667,373500.0,24.7232,0.6687290403455473,0.6624923076923076,3.0,3090405.0,36.99,134.74333333333334,136.6,3.112496318605584,3,28,43346,0.0,0,120,113.957,47.2539,96.76,4146,137.058,119.988,249.0,246.0,0.0,0.0,25.214,3.0,1.1460900202614146,1.125423794877363,0.0,0.9333333333333333,1.00856,0.9889279999999999,0,0,0,0,1,1,1,1,0,0,1,1,1,1,onset
29,0.0,132951.93333333332,133060.8,8771.199999999999,402000.0,25.105600000000003,0.6788968299899046,0.6705307692307693,3.0,3138200.0,36.99,133.15666666666667,135.07,1.831402013030815,3,24,37249,0.0,0,108,105.232,48.9478,102.45,4186,132.937,119.96,268.0,266.0,0.0,0.0,23.398,3.0,1.1104613909033139,1.112171395838162,0.0,0.8,0.93592,1.004224,0,0,0,0,1,1,1,1,0,0,1,1,1,1,onset
30,0.0,132891.425,133063.4,6600.525,376500.0,25.2428,0.4856808754055322,0.4797230769230769,4.0,3155357.0,51.99,133.14333333333335,133.8,0.5802011145571386,3,26,39581,0.0,0,188,180.087,48.221199999999996,99.87,4194,132.989,119.709,251.0,249.0,0.0,0.0,24.646,4.0,1.109956003984072,1.1120600311403537,0.0,0.8666666666666667,0.98584,1.009712,0,0,0,0,1,1,1,1,0,0,1,1,1,1,onset
31,0.0,135055.7,135146.1,20491.35,346500.0,25.1127,0.4828097847988224,0.4768956289027654,4.0,3139091.0,51.99,134.97333333333333,136.43,1.5183653490953097,3,29,44360,0.0,0,218,214.006,49.3237,99.5,4186,135.032,119.826,231.0,229.0,0.0,0.0,23.8891,4.0,1.1280327913352697,1.1273448359145581,0.0,0.9666666666666667,0.955564,1.004508,0,0,0,0,1,1,1,1,0,0,1,1,1,1,onset
32,0.0,134804.0,135052.1,20077.275,406500.0,25.3547,0.4879553868044609,0.4834037558685446,4.0,3169332.0,51.99,136.15333333333334,137.51,1.2993972961851685,3,26,40400,0.0,0,236,225.19,48.0201,96.83,4192,134.74,120.14,271.0,271.0,0.0,0.0,24.2965,4.0,1.1259305042523913,1.1372006116706028,0.0,0.8666666666666667,0.9718600000000001,1.014188,0,0,0,0,1,1,1,1,0,0,1,1,1,1,onset
33,0.0,134277.82,134500.7,14273.079999999998,364500.0,24.685100000000002,0.3650284210045114,0.36028000000000004,5.0,3085628.0,67.63,133.95999999999998,134.5,0.7636753236814702,2,28,42912,0.0,0,336,341.476,50.762,102.92,4162,134.383,120.033,243.0,240.0,0.0,0.0,24.4621,5.0,1.1215356635004292,1.1188811188811187,0.0,0.9333333333333333,0.978484,0.9874040000000001,0,0,0,0,1,1,1,1,0,0,1,1,1,1,onset
34,0.0,131066.56000000001,131477.3,15145.539999999999,346500.0,24.8101,0.3668600893930055,0.3597384615384615,5.0,3101253.0,67.63,130.59,134.25,2.5139212398163915,4,23,34926,0.0,0,286,275.012,48.3207,97.6,4186,131.081,119.992,231.0,229.0,0.0,0.0,23.0234,5.0,1.0947140885391111,1.0907336915100427,0.0,0.7666666666666667,0.920936,0.992404,0,0,0,0,1,0,1,1,0,0,1,1,1,1,onset
35,0.0,132040.71666666667,132187.7,11915.050000000001,300000.0,24.9055,0.31305372212003335,0.3063067292644758,6.0,3113171.0,79.63,131.76333333333332,133.17,1.3325289240137728,3,22,33147,0.0,0,414,402.873,48.4367,101.01,4146,131.996,120.143,200.0,200.0,0.0,0.0,22.8777,6.0,1.1028505882492148,1.1005337849171828,0.0,0.7333333333333333,0.915108,0.99622,0,0,0,0,1,1,1,1,0,0,1,1,1,1,onset
36,0.0,132447.81666666668,132785.4,2679.983333333333,406500.0,24.5773,0.30822038223896925,0.30154166666666665,6.0,3072171.0,79.63,133.86333333333334,134.89,1.0955059713818487,3,24,36594,0.0,0,404,378.813,46.3549,93.3,4118,132.621,120.27,271.0,269.0,0.0,0.0,25.1748,6.0,1.1062508308850503,1.118073724822008,0.0,0.8,1.006992,0.9830920000000001,0,0,0,0,1,1,0,1,0,0,0,1,0,0,normal
37,0.0,134134.2666666667,134377.2,19543.933333333334,354000.0,25.1496,0.31642089179228144,0.3033503836317135,6.0,3143686.0,79.63,133.54666666666665,134.76,1.8726006871015894,3,27,41903,0.0,0,330,344.909,52.192099999999996,104.86,4160,134.219,119.844,236.0,236.0,0.0,0.0,22.7521,6.0,1.120336655481475,1.115428813249058,0.0,0.9,0.9100839999999999,1.005984,0,0,0,0,1,1,1,1,0,0,1,1,1,1,onset
38,0.0,132953.08000000002,133019.3,15789.820000000002,336000.0,25.3366,0.3957141010991343,0.3755,5.0,3167071.0,63.99,132.57000000000002,132.93,0.49152822909780336,3,27,41854,0.0,0,244,253.168,52.514700000000005,105.33,4216,132.82,120.286,224.0,222.0,0.0,0.0,23.8243,5.0,1.1104709682673255,1.107271349134592,0.0,0.9,0.952972,1.013464,0,0,0,0,1,1,1,1,0,0,1,1,1,1,onset
39,0.0,134079.56,134182.6,13352.0,360000.0,25.1508,0.392633969083714,0.38522691705790296,5.0,3143853.0,63.99,133.92999999999998,136.13,1.924292077622322,3,28,42955,0.0,0,340,343.981,50.590599999999995,102.72,4166,133.894,119.946,240.0,237.0,0.0,0.0,25.4181,5.0,1.1198797261263669,1.11863054831105,0.0,0.9333333333333333,1.016724,1.006032,0,0,0,0,1,1,1,1,0,0,1,1,1,1,onset
40,14.0,134318.47999999998,134574.8,10827.119999999999,114000.0,8.8321,0.1375183447464908,0.13107981220657278,5.0,1104003.0,63.99,132.86,134.07,1.8917452259751957,3,29,44579,0.028683,44,282,274.795,17.4334,36.6,1490,134.42,120.19,76.0,75.0,14.0,9.0,8.3253,5.0,1.1218752701463957,1.109693531311925,0.009395973154362415,0.9666666666666667,0.33301200000000003,0.35328400000000004,1,1,1,1,1,1,1,1,1,1,1,1,2,1,congested
41,0.0,130736.98000000001,130870.8,1375.06,369000.0,25.0271,0.3911945083595652,0.38070833333333337,5.0,3128389.0,63.99,131.51666666666665,133.39,1.631236749626902,3,24,36751,0.0,0,282,291.009,51.747,104.75,4178,130.767,120.273,246.0,243.0,0.0,0.0,23.2645,5.0,1.0919613202563339,1.0984735380077273,0.0,0.8,0.9305800000000001,1.001084,0,0,0,0,0,1,0,1,0,0,0,1,0,0,normal
42,0.0,133121.63999999998,133273.7,9091.32,412500.0,24.8097,0.3874869140850118,0.3763153846153846,5.0,3101217.0,63.99,133.28,133.72,0.46130250378682447,3,23,35774,0.0,0,320,316.361,49.319900000000004,99.78,4156,133.194,119.997,275.0,274.0,0.0,0.0,23.1113,5.0,1.1118788407770193,1.11320151929289,0.0,0.7666666666666667,0.924452,0.9923879999999999,0,0,0,0,1,1,1,1,0,0,1,1,1,1,onset
43,0.0,132305.91999999998,132537.1,8527.98,388500.0,25.2154,0.39426561862693965,0.38326666666666664,5.0,3151918.0,63.99,132.77333333333334,133.16,0.417891532976354,3,23,35036,0.0,0,302,300.073,49.6589,102.24,4164,132.198,119.775,259.0,258.0,0.0,0.0,25.4879,5.0,1.1050656599297983,1.1089696607761703,0.0,0.7666666666666667,1.019516,1.008616,0,0,0,0,1,1,1,1,0,0,1,1,1,1,onset
44,0.0,133180.72,133339.6,3180.5800000000004,367500.0,24.790499999999998,0.3877198679876939,0.3816133333333333,5.0,3098802.0,63.99,133.13,134.63,1.299038105676658,3,29,43710,0.0,0,304,317.711,52.478899999999996,106.39,4184,133.256,119.945,245.0,243.0,0.0,0.0,23.8366,5.0,1.1123722977530084,1.1119486664425453,0.0,0.9666666666666667,0.953464,0.99162,0,0,0,0,1,1,0,1,0,0,0,1,0,0,normal
45,0.0,132881.56,133040.1,18349.1,277500.0,22.5318,0.35186649886444016,0.3426692307692308,5.0,2816476.0,63.99,133.87,136.2,2.018588615840292,3,29,44941,0.001076,4,278,280.494,44.9469,92.94,3712,132.927,120.196,185.0,184.0,2.0,1.0,20.6032,5.0,1.109873608028281,1.1181294071709122,0.0,0.9666666666666667,0.8241280000000001,0.9012720000000001,0,1,1,1,1,1,1,1,0,0,1,1,2,1,congested
46,0.0,133236.56,133512.4,26317.76,367500.0,25.2006,0.3938878211615431,0.38003129890453835,5.0,3150094.0,63.99,132.79333333333332,134.33,1.3308769038996007,3,25,38984,0.0,0,272,281.666,51.807500000000005,106.19,4168,133.17,120.077,245.0,243.0,0.0,0.0,25.1364,5.0,1.11283869310743,1.1091367078228827,0.0,0.8333333333333334,1.005456,1.008024,0,0,0,0,1,1,1,1,0,0,1,1,1,1,onset
47,0.0,134159.56,134347.3,1239.84,322500.0,24.6589,0.38513525945370064,0.3778403755868545,5.0,3082369.0,63.99,133.28,134.1,0.7112664760833249,3,28,42229,0.0,0,258,258.938,50.1459,100.37,4162,134.347,119.903,215.0,214.0,0.0,0.0,22.9423,5.0,1.1205479143132173,1.11320151929289,0.0,0.9333333333333333,0.917692,0.986356,0,0,0,0,1,1,0,1,0,0,0,1,0,0,normal
48,0.0,132863.56,133097.5,4503.5599999999995,295500.0,25.0858,0.3915151841477588,0.38266666666666665,5.0,3135741.0,63.99,132.40666666666667,133.05,0.6213158080504104,3,27,40694,0.0,0,264,270.911,51.515699999999995,104.41,4182,133.032,120.22,197.0,195.0,0.0,0.0,23.3082,5.0,1.1097232656862397,1.1059071315864388,0.0,0.9,0.9323279999999999,1.0034319999999999,0,0,0,0,1,1,0,1,0,0,0,1,0,0,normal
49,0.0,132114.16,132360.0,6777.4,373500.0,24.7822,0.38762783793812533,0.38031333333333334,5.0,3097769.0,63.99,132.03666666666666,134.59,2.224237697129819,3,28,42295,0.0,0,238,238.72899999999998,49.6724,106.41,4126,132.011,120.037,249.0,248.0,0.0,0.0,22.6391,5.0,1.1034640128459179,1.1028167612222555,0.0,0.9333333333333333,0.9055639999999999,0.991288,0,0,0,0,1,1,1,1,0,0,1,1,1,1,onset
50,0.0,134990.85,135242.5,17989.850000000002,321000.0,25.2649,0.3369931956358461,0.3332707355242567,6.0,3158101.0,74.99,132.74333333333334,133.81,1.498577102899059,3,30,46046,0.0,0,392,391.718,50.2667,107.65,4190,135.153,119.738,214.0,211.0,0.0,0.0,23.9128,6.0,1.127491141286304,1.1087190902061013,0.0,1.0,0.956512,1.010596,0,0,0,0,1,1,1,1,0,0,1,1,1,1,onset
51,29.0,133518.81666666668,133946.7,31341.016666666666,112500.0,7.85,0.10503326640741224,0.09222,6.0,981245.0,74.99,133.39333333333332,133.79,0.4463556130859469,3,29,44114,0.033708,48,274,277.174,16.7086,33.64,1376,133.503,119.942,75.0,72.0,29.0,10.0,7.8581,6.0,1.1151962002365108,1.1141481192242613,0.021075581395348836,0.9666666666666667,0.314324,0.314,1,1,1,1,1,1,1,1,1,1,1,1,2,1,congested
52,0.0,132082.44999999998,132292.9,23038.8,298500.0,25.0531,0.33377429511404927,0.31658340767172166,6.0,3131634.0,74.99,132.08666666666667,135.12,2.82901631902917,3,27,41457,0.0,0,310,299.48699999999997,48.557,100.24,4188,132.105,120.087,199.0,198.0,0.0,0.0,24.3537,6.0,1.1031991597533548,1.103234378839037,0.0,0.9,0.974148,1.002124,0,0,0,0,1,1,1,1,0,0,1,1,1,1,onset
53,26.0,134987.56666666668,135255.2,3179.616666666667,109500.0,8.8415,0.11750632335167206,0.10859054415700267,6.0,1105192.0,74.99,133.20666666666668,134.78,2.071263704440676,3,30,46263,0.027668,42,336,349.851,18.4559,36.97,1476,134.833,119.769,73.0,71.0,26.0,16.0,8.3047,6.0,1.1274637177294689,1.1125890134549437,0.017615176151761516,1.0,0.33218800000000004,0.35366,1,1,1,1,1,1,0,1,1,1,1,1,2,1,congested
54,0.0,133297.2,133422.8,12098.685714285715,412500.0,24.828699999999998,0.3049598268347646,0.2957983942908118,7.0,3103586.0,81.17,133.39,135.23,1.6178998732925338,3,27,41801,0.0,0,368,356.753,48.1495,96.34,4138,133.317,119.851,275.0,273.0,0.0,0.0,22.9048,7.0,1.113345179753063,1.1141202780498092,0.0,0.9,0.9161920000000001,0.9931479999999999,0,0,0,0,1,1,1,1,0,0,1,1,1,1,onset
55,7.0,134013.25714285715,134145.9,4273.957142857143,124500.0,8.8684,0.10969833778465968,0.09457272727272727,7.0,1108550.0,81.17,134.47333333333333,135.03,0.48211340298039185,3,30,46422,0.014785,22,386,383.227,17.480600000000003,37.12,1466,133.994,120.237,83.0,80.0,8.0,4.0,8.0614,7.0,1.1193259413026508,1.1231686597467427,0.0047748976807639835,1.0,0.322456,0.354736,1,1,1,1,1,1,0,1,1,1,1,1,2,1,congested
56,0.0,132703.725,132952.4,23357.7375,348000.0,25.1506,0.2751836337578188,0.26547692307692305,8.0,3143824.0,91.47,132.48666666666668,132.81,0.43661577311559385,3,28,43382,0.0,0,436,440.805,50.8632,106.75,4192,132.665,120.127,232.0,229.0,0.0,0.0,24.03,8.0,1.1083882674506742,1.1065753197732895,0.0,0.9333333333333333,0.9612,1.006024,0,0,0,0,1,1,1,1,0,0,1,1,1,1,onset
57,26.0,134245.6125,134513.3,8163.8125,138000.0,9.1594,0.09844508370439008,0.07093851132686084,8.0,1144919.0,91.47,133.79666666666665,134.79,1.5505267922010673,3,31,47978,0.023035,34,474,494.05899999999997,18.060200000000002,37.07,1442,134.109,120.043,92.0,90.0,26.0,15.0,8.5177,8.0,1.1212666551125792,1.1175169013329658,0.018030513176144243,1.0333333333333334,0.340708,0.366376,1,1,1,1,1,1,1,1,1,1,1,1,2,1,congested
58,0.0,131772.1375,132234.7,1179.075,324000.0,24.7484,0.2692665453240637,0.25495145631067956,8.0,3093538.0,91.47,132.01333333333332,133.97,1.6966535690391682,3,24,36263,0.0,0,492,495.64300000000003,49.964,102.02,4132,131.622,119.989,216.0,214.0,0.0,0.0,24.6059,8.0,1.1006073204192046,1.1026218730010906,0.0,0.8,0.9842359999999999,0.989936,0,0,0,0,1,1,0,1,0,0,0,1,0,0,normal
59,0.0,131147.625,131327.8,11156.725,402000.0,24.8943,0.27255898139095325,0.2614553990610329,8.0,3111793.0,91.47,132.35,134.95,2.6253571185650153,3,23,35707,0.0,0,496,497.33,50.443200000000004,103.67,4192,131.105,120.183,268.0,267.0,0.0,0.0,24.6271,8.0,1.0953911719811988,1.105433831620753,0.0,0.7666666666666667,0.985084,0.9957720000000001,0,0,0,0,1,1,1,1,0,0,1,1,1,1,onset
60,0.0,131545.275,131768.9,11600.8875,325500.0,24.3931,0.26660656897017065,0.25639999999999996,8.0,3049136.0,91.47,132.34,133.93,1.9109421759959204,3,27,40524,0.0,0,480,490.52,51.197199999999995,108.16,4174,131.613,120.19,217.0,216.0,0.0,0.0,23.4799,8.0,1.0987124848874625,1.1053503080973968,0.0,0.9,0.939196,0.975724,0,0,0,0,1,1,1,1,0,0,1,1,1,1,onset
61,15.0,134209.6625,134482.2,8299.425,133500.0,8.0403,0.0872307827232165,0.06421818181818183,8.0,1005029.0,91.47,134.88,136.36,2.1691703483129303,3,29,44883,0.023098,34,408,420.90999999999997,17.8256,35.94,1438,134.271,120.096,89.0,89.0,14.0,8.0,8.4712,8.0,1.1209663880461134,1.1265652830298993,0.01043115438108484,0.9666666666666667,0.338848,0.321612,1,1,1,1,1,1,1,1,1,1,1,1,2,1,congested
62,9.0,136416.97142857144,136633.1,14195.214285714286,192000.0,12.8258,0.15049110471550667,0.14249776984834966,7.0,1603227.0,85.29,135.42333333333332,137.83,2.3708507615059564,3,29,43558,0.007286,16,458,436.179,24.929699999999997,51.14,2180,136.501,120.138,128.0,128.0,10.0,6.0,12.784,7.0,1.139402609931126,1.131103394465592,0.004128440366972477,0.9666666666666667,0.51136,0.5130319999999999,1,1,1,1,1,1,1,1,1,1,1,1,2,1,congested
63,58.0,133017.3,133215.4,2169.7375,115500.0,9.457699999999999,0.098177666816905,0.08774545454545454,8.0,1182196.0,96.63,132.67,134.2,2.2070115541156614,3,28,43154,0.04798,76,520,502.746,17.5108,36.54,1508,133.108,119.877,77.0,75.0,57.0,26.0,9.0406,8.0,1.1110073563343195,1.108106584368155,0.038461538461538464,0.9333333333333333,0.361624,0.378308,1,1,1,1,1,1,0,1,1,1,1,1,2,1,congested
64,43.0,131332.9,131591.0,11827.9125,139500.0,8.5755,0.08887286669048604,0.074875,8.0,1071919.0,96.63,131.73333333333335,134.15,2.101055290403686,3,30,46072,0.053548,80,506,518.12,17.3789,35.37,1414,131.414,119.873,93.0,93.0,42.0,15.0,8.0607,8.0,1.0969386540601829,1.1002832143471142,0.03041018387553041,1.0,0.32242800000000005,0.34302,1,1,1,1,1,1,1,1,1,1,1,1,2,1,congested
65,44.0,135673.09999999998,135914.0,7536.133333333333,124500.0,8.6964,0.08270938933060247,0.07167961165048543,9.0,1087018.0,105.03,134.38666666666666,138.43,3.674865076888315,3,31,47250,0.043825,66,548,542.485,17.1074,36.45,1440,135.685,119.901,83.0,80.0,44.0,26.0,8.3998,9.0,1.133189533667288,1.1224447892109881,0.030555555555555555,1.0333333333333334,0.335992,0.347856,1,1,1,1,1,1,1,1,1,1,1,1,2,1,congested
66,42.0,130958.125,131237.7,8833.1875,130500.0,8.61,0.09335076660716833,0.08201538461538461,8.0,1076241.0,92.25,131.88333333333333,132.32,0.4400378771575593,3,28,42807,0.048366,74,422,408.625,16.9184,34.2,1456,130.895,119.937,87.0,87.0,42.0,21.0,8.583,8.0,1.093808401213597,1.1015360671974586,0.028846153846153848,0.9333333333333333,0.34332,0.3444,1,1,1,1,1,1,1,1,1,1,1,1,2,1,congested
67,33.0,132650.35,133035.5,8846.7375,109500.0,9.3493,0.10112536967806564,0.08735922330097087,8.0,1168675.0,92.25,132.15666666666667,133.58,1.3687342084325063,3,28,43163,0.041026,64,432,415.399,17.273400000000002,35.62,1496,132.619,119.91,73.0,70.0,33.0,19.0,8.4631,8.0,1.1079424606447599,1.1038190435025312,0.022058823529411766,0.9333333333333333,0.33852400000000005,0.37397199999999997,1,1,1,1,1,1,1,1,1,1,1,1,2,1,congested
68,0.0,133618.475,133770.5,5592.2,324000.0,24.5045,0.2655546862633672,0.25247100802854594,8.0,3063060.0,92.25,131.94,134.57,2.505932959997133,3,26,39859,0.0,0,500,507.095,50.1382,106.06,4118,133.64,120.046,216.0,214.0,0.0,0.0,24.1907,8.0,1.1160285817496927,1.1020093671631443,0.0,0.8666666666666667,0.9676279999999999,0.98018,0,0,0,0,1,1,1,1,0,0,1,1,1,1,onset
69,15.0,131202.4142857143,131628.2,8844.1,147000.0,11.8265,0.14468977206643596,0.13596,7.0,1478317.0,81.95,132.56,135.18,2.4229733799610775,3,30,45761,0.0091,18,414,425.533,24.1941,50.26,1960,131.237,120.259,98.0,98.0,15.0,9.0,11.4112,7.0,1.0958487913997021,1.1071878256112357,0.007653061224489796,1.0,0.45644799999999996,0.47306,1,1,1,1,1,1,1,1,1,1,1,1,2,1,congested
70,0.0,133026.67142857143,133313.9,3218.157142857143,292500.0,25.1056,0.3069929925604149,0.2953,7.0,3138184.0,81.95,133.26666666666668,134.0,0.9304479208066044,3,27,41315,0.0,0,356,371.368,52.2004,107.86,4170,133.028,119.853,195.0,192.0,0.0,0.0,25.2847,7.0,1.1110856298076364,1.1130901545950815,0.0,0.9,1.011388,1.004224,0,0,0,0,1,1,0,1,0,0,0,1,0,0,normal
71,0.0,132747.05714285714,133026.1,8010.757142857144,306000.0,25.6695,0.3141750228062925,0.30404615384615385,7.0,3208684.0,81.95,132.64666666666668,135.56,2.5514766966079314,3,31,46527,0.0,0,372,370.101,49.9544,107.34,4184,132.793,120.225,204.0,201.0,0.0,0.0,25.3314,7.0,1.108750192775275,1.1079116961469904,0.0,1.0333333333333334,1.013256,1.02678,0,0,0,0,1,1,1,1,0,0,1,1,1,1,onset
72,9.0,135419.7875,135702.0,18541.4125,207000.0,13.8787,0.1569488082416016,0.14570000000000002,8.0,1734820.0,88.35,134.76666666666665,136.48,1.9465953183271771,3,31,47502,0.005882,14,452,475.55,29.8716,60.45,2366,135.45,119.71,138.0,135.0,10.0,6.0,13.8505,8.0,1.1310737784162688,1.1256186830985278,0.0038038884192730348,1.0333333333333334,0.55402,0.555148,1,1,1,1,1,1,1,1,1,1,1,1,2,1,congested
73,31.0,133090.675,133263.5,18339.3625,127500.0,8.5206,0.09641065411840698,0.0775595238095238,8.0,1065064.0,88.35,132.78333333333333,134.5,1.6858924441770715,3,27,40861,0.034974,54,430,403.71299999999997,16.7954,33.72,1490,133.063,119.764,85.0,83.0,31.0,17.0,8.4947,8.0,1.1116202101869463,1.1090531842995266,0.02080536912751678,0.9,0.339788,0.340824,1,1,1,1,1,1,1,1,1,1,1,1,2,1,congested
74,0.0,132017.6,132325.6,15585.9625,393000.0,25.4147,0.2877823296486782,0.2682694023193577,8.0,3176824.0,88.35,131.90666666666667,133.11,1.1411543862831852,3,27,41317,0.0,0,434,446.438,51.877700000000004,107.86,4202,132.131,120.14,262.0,261.0,0.0,0.0,23.6392,8.0,1.1026575097043894,1.1017309554186234,0.0,0.9,0.945568,1.016588,0,0,0,0,1,1,1,1,0,0,1,1,1,1,onset
75,0.0,131414.7857142857,131711.5,3771.914285714286,405000.0,25.229100000000003,0.3284677342633419,0.31069090909090913,7.0,3153643.0,77.01,131.32000000000002,132.19,0.7986864215698236,3,24,36319,0.0,0,406,408.269,50.703,101.53,4200,131.488,119.85,270.0,268.0,0.0,0.0,25.5603,7.0,1.0976225923971519,1.0968309087150534,0.0,0.8,1.022412,1.0091640000000002,0,0,0,0,1,1,0,1,0,0,0,1,0,0,normal
76,6.0,134157.7857142857,134400.7,22016.157142857144,225000.0,17.8744,0.2309849041663383,0.22290625,7.0,2234281.0,77.01,134.04,134.52,0.43266615305568035,3,28,42159,0.003406,10,312,290.58299999999997,32.702799999999996,66.19,2926,134.217,119.916,150.0,148.0,5.0,2.0,16.0236,7.0,1.1205330948537875,1.1195493070679694,0.002050580997949419,0.9333333333333333,0.640944,0.7149760000000001,1,1,1,1,1,1,1,1,1,1,1,1,2,1,congested
77,7.0,135301.56666666665,135692.6,4937.433333333333,207000.0,17.564799999999998,0.2576402362464018,0.24312727272727272,6.0,2195582.0,68.61,136.18,136.77,0.8343860018001309,2,30,46099,0.003448,10,314,311.431,34.409,72.83,2890,135.302,119.703,138.0,135.0,7.0,3.0,17.6699,6.0,1.1300863563628567,1.1374233410662196,0.002422145328719723,1.0,0.706796,0.7025919999999999,1,1,1,1,1,1,0,1,1,1,1,1,2,1,congested
78,0.0,130374.3,130632.8,19162.36,340500.0,25.1433,0.43683747843822845,0.4279090909090909,5.0,3142926.0,57.4,131.31,133.81,1.7537958832201732,4,25,38535,0.0,0,244,254.706,52.1045,106.45,4158,130.401,120.054,227.0,226.0,0.0,0.0,24.395,5.0,1.088932089111247,1.096747385191697,0.0,0.8333333333333334,0.9758,1.005732,0,0,0,0,0,1,1,1,0,0,1,1,1,1,onset
79,5.0,136195.96000000002,136746.2,20893.48,328500.0,20.7512,0.36134299155011657,0.35083846153846154,5.0,2593896.0,57.4,135.28,137.82,3.3525512673186753,3,30,45758,0.001736,6,252,249.458,41.001599999999996,85.03,3450,136.193,120.246,219.0,218.0,5.0,3.0,19.3571,5.0,1.1375566446094965,1.1299062239641517,0.0014492753623188406,1.0,0.774284,0.830048,1,1,1,1,1,1,1,1,0,1,1,1,2,1,congested
80,4.0,132689.34,132787.5,11754.5,240000.0,19.5096,0.34066972435897436,0.32964166666666667,5.0,2438709.0,57.4,131.22333333333333,132.04,1.245324589548179,3,30,45450,0.002474,8,260,253.39499999999998,37.7343,78.72,3226,132.5,120.126,160.0,159.0,4.0,2.0,19.0716,5.0,1.108268118862326,1.0960235146559423,0.0012399256044637321,1.0,0.762864,0.780384,1,1,1,1,1,1,1,1,1,1,1,1,2,1,congested
81,0.0,128788.73333333334,129248.5,13021.783333333333,387000.0,25.9478,0.4220132217672678,0.40595384615384617,6.0,3243500.0,61.96,130.25,133.97,3.358764653857135,3,20,30743,0.0,0,268,265.854,50.332300000000004,105.31,4228,128.793,119.972,258.0,256.0,0.0,0.0,25.3114,6.0,1.0756888776596152,1.0878938917159282,0.0,0.6666666666666666,1.012456,1.037912,0,0,0,0,0,0,1,0,0,0,1,1,0,0,normal
82,0.0,134314.08333333334,134688.7,24290.2,388500.0,25.0945,0.40311228148131106,0.371796875,6.0,3136828.0,61.96,133.52,136.67,3.445707474525373,3,28,43264,0.0,0,292,286.502,49.517399999999995,100.34,4204,134.415,120.055,259.0,257.0,0.0,0.0,23.4031,6.0,1.1218385476372936,1.1152060838534414,0.0,0.9333333333333333,0.936124,1.00378,0,0,0,0,1,1,1,1,0,0,1,1,1,1,onset
83,0.0,132727.2,132953.6,11829.433333333334,324000.0,25.4707,0.4171560015258864,0.39388666666666666,6.0,3183836.0,61.96,133.79,134.53,0.6605300901548615,3,29,43537,0.0,0,280,274.86400000000003,49.5848,102.63,4208,132.762,120.182,216.0,215.0,0.0,0.0,24.6966,6.0,1.1085843389217531,1.1174612189840616,0.0,0.9666666666666667,0.987864,1.018828,0,0,0,0,1,1,1,1,0,0,1,1,1,1,onset
84,0.0,134354.83333333334,134579.1,9326.85,360000.0,24.951900000000002,0.40247492287500514,0.39782307692307695,6.0,3118989.0,61.96,132.95000000000002,135.86,2.594089435620918,3,30,46072,0.0,0,246,246.87099999999998,50.265100000000004,104.05,4172,134.301,119.948,240.0,239.0,0.0,0.0,25.4428,6.0,1.1221789059949705,1.1104452430221319,0.0,1.0,1.017712,0.9980760000000001,0,0,0,0,1,1,1,1,0,0,1,1,1,1,onset
85,37.0,132117.46666666665,132245.3,1874.8,102000.0,9.5711,0.1532851880648591,0.13133771929824561,6.0,1196373.0,61.96,132.6,133.55,0.8293973715897678,3,29,44005,0.042416,66,276,272.04,17.6293,36.7,1490,132.076,119.778,68.0,65.0,36.0,12.0,8.9955,6.0,1.1034916312909742,1.1075219197046609,0.024832214765100672,0.9666666666666667,0.35982,0.38284399999999996,1,1,1,1,1,1,0,1,1,1,1,1,2,1,congested
86,0.0,133999.96666666667,134149.0,10197.383333333333,376500.0,24.316,0.3884992290823212,0.3672587719298246,6.0,3039495.0,61.96,132.27333333333334,133.15,0.7600219295081717,3,28,43067,0.0,0,280,275.885,48.4631,101.33,4098,133.8,119.81,251.0,250.0,0.0,0.0,23.5859,6.0,1.1192149345627997,1.104793484608355,0.0,0.9333333333333333,0.9434359999999999,0.97264,0,0,0,0,1,1,1,1,0,0,1,1,1,1,onset
87,0.0,129715.66666666667,129919.9,21612.63333333333,399000.0,25.3127,0.4084799941341553,0.40345000000000003,6.0,3164082.0,61.96,130.92333333333332,134.66,3.3036696767887173,3,24,37081,0.0,0,236,229.81799999999998,49.2007,99.84,4210,129.809,119.892,266.0,265.0,0.0,0.0,23.4083,6.0,1.0834309514512561,1.0935178089552529,0.0,0.8,0.936332,1.012508,0,0,0,0,0,1,1,1,0,0,1,1,1,1,onset
88,0.0,134146.5,134249.4,22896.75,364500.0,21.9369,0.3517544949367153,0.33649122807017545,6.0,2742108.0,61.96,134.69333333333336,135.08,0.5216640042530618,3,30,46146,0.001093,4,296,296.247,43.8994,91.21,3654,134.085,120.067,243.0,241.0,1.0,1.0,20.4052,6.0,1.120438832591714,1.1250061772605817,0.0,1.0,0.816208,0.877476,0,1,1,1,1,1,1,1,0,0,1,1,2,1,congested
89,9.0,134890.91666666666,135208.6,2611.6833333333334,132000.0,9.8959,0.16040284843628594,0.149109375,6.0,1236976.0,61.96,134.27333333333334,137.13,2.5955025203866273,3,31,47521,0.011737,20,276,293.079,21.4775,42.99,1684,134.855,119.997,88.0,88.0,8.0,3.0,9.7092,6.0,1.12665646287623,1.1214981892796168,0.005344418052256532,1.0333333333333334,0.388368,0.39583599999999997,1,1,1,1,1,1,0,1,1,1,1,1,2,1,congested
90,0.0,130945.01666666666,131180.2,15248.966666666667,343500.0,24.8382,0.3999830754534208,0.37029687499999997,6.0,3104773.0,61.96,131.50333333333333,132.73,1.0670207745556384,3,29,43697,0.0,0,270,265.90200000000004,49.4298,102.21,4182,130.959,120.145,229.0,227.0,0.0,0.0,23.1268,6.0,1.0936989157950638,1.098362173309919,0.0,0.9666666666666667,0.925072,0.993528,0,0,0,0,1,1,1,1,0,0,1,1,1,1,onset
91,0.0,132772.5,133282.9,5622.666666666667,292500.0,25.6714,0.4126335533344579,0.39767543859649124,6.0,3208914.0,61.96,131.22333333333333,132.74,1.4298368205265068,3,28,43486,0.0,0,270,258.752,47.9314,98.29,4166,132.795,120.065,195.0,194.0,0.0,0.0,22.973,6.0,1.108962700482557,1.0960235146559423,0.0,0.9333333333333333,0.91892,1.026856,0,0,0,0,1,1,1,1,0,0,1,1,1,1,onset
92,0.0,132468.18571428573,132644.8,7352.557142857143,367500.0,25.3164,0.3830193046635794,0.3651818181818182,7.0,3164562.0,66.74,132.61,134.28,1.7784543851333308,3,27,41721,0.0,0,298,306.887,51.3077,103.05,4150,132.608,120.224,245.0,243.0,0.0,0.0,24.6049,7.0,1.1064209603475057,1.1076054432280174,0.0,0.9,0.9841960000000001,1.012656,0,0,0,0,1,1,1,1,0,0,1,1,1,1,onset
93,0.0,133211.02857142856,133446.1,7305.971428571429,300000.0,25.162300000000002,0.37898042958633343,0.36434545454545453,7.0,3145289.0,66.74,133.09333333333333,134.97,2.18806611722163,3,29,44502,0.0,0,308,305.71500000000003,50.0614,102.88,4202,133.21,119.777,200.0,200.0,0.0,0.0,25.4304,7.0,1.1126254456203692,1.111642413523572,0.0,0.9666666666666667,1.017216,1.0064920000000002,0,0,0,0,1,1,1,1,0,0,1,1,1,1,onset
94,18.0,134321.7,134482.0,9157.557142857144,117000.0,9.1216,0.13862135005982604,0.13054666666666667,7.0,1140184.0,66.74,134.43666666666667,136.74,2.2707340956909463,3,28,42959,0.031579,48,310,297.128,16.936,34.65,1472,134.252,120.006,78.0,77.0,18.0,7.0,8.2167,7.0,1.1219021647209166,1.1228624068277697,0.012228260869565218,0.9333333333333333,0.32866799999999996,0.364864,1,1,1,1,1,1,1,1,1,1,1,1,2,1,congested
95,11.0,135105.15714285715,135341.5,24506.457142857143,135000.0,8.6921,0.1273586882962611,0.10714062499999999,7.0,1086517.0,66.74,133.0,134.48,2.5634351952019414,3,29,44901,0.021534,32,270,274.815,17.767,36.13,1454,135.189,119.756,90.0,90.0,11.0,5.0,8.3508,7.0,1.1284458748179262,1.1108628606389133,0.007565337001375516,0.9666666666666667,0.334032,0.347684,1,1,1,1,1,1,1,1,1,1,1,1,2,1,congested
96,0.0,131102.7857142857,131334.0,9733.157142857144,394500.0,25.2146,0.3806513127938182,0.3712416666666667,7.0,3151817.0,66.74,130.95000000000002,131.82,0.8055432949258446,3,26,40359,0.0,0,324,322.904,50.5407,104.81,4226,130.973,120.071,263.0,260.0,0.0,0.0,24.2504,7.0,1.095016658468435,1.09374053835087,0.0,0.8666666666666667,0.970016,1.008584,0,0,0,0,1,1,1,1,0,0,1,1,1,1,onset
97,12.0,132441.27142857143,132721.1,8218.042857142858,178500.0,13.3406,0.20135047394761885,0.19644666666666666,7.0,1667566.0,66.74,132.91333333333333,133.59,0.6750061728112856,3,28,43285,0.007293,16,370,359.89599999999996,25.424799999999998,50.89,2178,132.36,119.712,119.0,118.0,12.0,5.0,12.2324,7.0,1.106196162750358,1.1101389901031584,0.005509641873278237,0.9333333333333333,0.489296,0.533624,1,1,1,1,1,1,1,1,1,1,1,1,2,1,congested
98,0.0,131698.95714285714,132005.4,25525.571428571428,307500.0,25.1074,0.37638886342622174,0.35513157894736846,7.0,3138424.0,66.74,131.86666666666667,133.37,1.3928507936363217,3,23,34714,0.0,0,320,303.79,47.790000000000006,98.12,4194,131.64,119.829,205.0,202.0,0.0,0.0,23.0063,7.0,1.0999960922923,1.1013968613251983,0.0,0.7666666666666667,0.920252,1.0042959999999999,0,0,0,0,1,1,1,1,0,0,1,1,1,1,onset
99,4.0,135770.5,135939.7,10385.300000000001,210000.0,17.6604,0.28859480030568846,0.27452666666666664,6.0,2207530.0,61.96,132.8033333333333,135.92,4.879491093683167,3,31,47592,0.003401,10,246,259.788,37.1511,74.83,2930,135.778,120.296,140.0,137.0,3.0,2.0,16.2936,6.0,1.1340030527847786,1.109220231346239,0.0013651877133105802,1.0333333333333334,0.6517440000000001,0.7064159999999999,1,1,1,1,1,1,1,1,1,1,1,1,2,1,congested
100,0.0,126341.43333333333,126612.6,2610.366666666667,312000.0,22.192700000000002,1.011321524455077,0.9984429824561405,3.0,2774088.0,21.96,125.00333333333333,126.74,2.0581626110036373,3,12,19225,0.0,0,2,1.996,43.9757,88.39,3672,126.312,119.986,208.0,207.0,0.0,0.0,21.7591,3.0,1.0552481657886257,1.044071883128318,0.0,0.4,0.870364,1.010596539162113,0,0,0,0,0,0,0,0,0,0,0,1,0,0,normal
101,0.0,122623.26666666666,122700.2,5813.2,346500.0,21.8323,0.98998206738437,0.9667763157894738,3.0,2729030.0,21.96,121.50999999999999,122.14,0.7854298186343632,3,7,10689,0.0,0,2,1.986,43.5259,93.0,3652,122.804,120.267,231.0,228.0,0.0,0.0,21.9688,3.0,1.0241927277460272,1.014894332302514,0.0,0.23333333333333334,0.8787520000000001,0.9941848816029144,0,0,0,0,0,0,1,0,0,0,1,1,0,0,normal
102,0.0,122123.03333333333,122223.9,1298.9333333333334,291000.0,22.1837,1.0143986842105261,1.0004,3.0,2772968.0,21.96,122.57333333333334,124.45,1.9322094434437793,3,4,7156,0.0,0,2,1.9929999999999999,44.1993,95.01,3694,122.284,120.148,194.0,191.0,0.0,0.0,21.786,3.0,1.020014602696,1.0237756669527347,0.0,0.13333333333333333,0.8714400000000001,1.0101867030965392,0,0,0,0,0,0,0,0,0,0,0,1,0,0,normal
103,0.0,122241.26666666666,122371.1,1664.4666666666665,331500.0,21.6866,0.9867995663875598,0.9805781249999999,3.0,2710833.0,21.96,122.2,124.4,1.9103926298015401,3,3,5961,0.0,0,2,1.9729999999999999,43.2143,87.46,3650,122.313,119.811,221.0,218.0,0.0,0.0,21.7109,3.0,1.0210021291538163,1.0206574554140992,0.0,0.1,0.868436,0.9875500910746812,0,0,0,0,0,0,0,0,0,0,0,1,0,0,normal
104,0.0,121993.66666666667,122049.7,1745.1333333333332,315000.0,22.282899999999998,1.0180599116161615,1.00278125,3.0,2785371.0,21.96,121.68666666666667,121.96,0.2653927906581674,3,3,5405,0.0,0,0,0.0,44.0139,94.39,3682,122.006,119.739,210.0,208.0,0.0,0.0,22.0969,3.0,1.018934086715514,1.0163699145484753,0.0,0.1,0.8838760000000001,1.0147040072859743,0,0,0,0,0,0,0,0,0,0,0,1,0,0,normal
105,0.0,120317.95,120452.2,854.2,304500.0,10.986,1.0049314692982456,0.9896874999999999,2.0,1373243.0,10.96,119.77666666666666,120.6,1.315079211809428,3,1,2214,0.0,0,0,0.0,22.1417,44.4,1826,120.63,120.035,203.0,200.0,0.0,0.0,10.448,2.0,1.004937910700825,1.0004169215874201,0.0,0.03333333333333333,0.41792,1.0023722627737226,0,0,0,0,0,0,0,0,0,1,1,1,0,0,normal
106,0.0,120906.15,121126.0,755.15,271500.0,10.7226,0.9804695723684211,0.96778125,2.0,1340331.0,10.96,120.21333333333332,121.02,0.9208872533233092,3,0,756,0.0,0,0,0.0,20.7878,42.29,1782,120.866,120.072,181.0,180.0,0.0,0.0,10.4422,2.0,1.009850764344643,1.0040641154406458,0.0,0.0,0.417688,0.978339416058394,0,0,0,0,0,0,0,0,0,1,1,1,0,0,normal
107,0.0,119777.45,119892.9,938.1500000000001,357000.0,11.368500000000001,1.037317297149123,1.037046875,2.0,1421061.0,10.96,120.27333333333333,121.77,1.2989354615735635,3,0,276,0.0,0,0,0.0,23.5002,47.27,1900,119.81,119.939,238.0,235.0,0.0,0.0,11.0288,2.0,1.0004234642634164,1.0045652565807837,0.0,0.0,0.441152,1.037271897810219,0,0,0,0,0,0,0,0,0,1,1,1,0,0,normal
108,0.0,119952.04999999999,119995.2,942.9000000000001,322500.0,11.4298,1.0445589364035088,1.0344687499999998,2.0,1428721.0,10.96,120.58333333333333,121.34,0.6607823645750036,3,0,99,0.0,0,0,0.0,22.3729,48.11,1872,120.022,119.978,215.0,215.0,0.0,0.0,10.9825,2.0,1.0018817849812176,1.0071544858048291,0.0,0.0,0.4393,1.0428649635036495,0,0,0,0,0,0,0,0,0,1,1,1,0,0,normal
109,0.0,120301.5,120420.8,1995.25,264000.0,11.114,1.0150670230263157,1.009015625,2.0,1389253.0,10.96,120.28666666666668,120.76,0.5455578185062898,3,0,30,0.0,0,0,0.0,21.177100000000003,42.6,1854,120.248,119.775,176.0,173.0,0.0,0.0,10.3626,2.0,1.004800514504904,1.004676621278592,0.0,0.0,0.41450400000000004,1.014051094890511,0,0,0,0,0,0,0,0,0,1,1,1,0,0,normal
110,0.0,119963.04999999999,119965.4,607.9000000000001,273000.0,10.8205,0.9894609375,0.976421875,2.0,1352565.0,10.96,120.10666666666667,121.41,1.6804860408028859,3,0,76,0.0,0,0,0.0,20.6111,42.01,1818,120.182,120.152,182.0,180.0,0.0,0.0,10.5167,2.0,1.0019736608569094,1.0031731978581786,0.0,0.0,0.420668,0.9872718978102188,0,0,0,0,0,0,0,0,0,1,1,1,0,0,normal
111,0.0,119869.5,120070.6,1644.6,321000.0,10.8233,0.9900737390350878,0.97490625,2.0,1352910.0,10.96,119.83999999999999,121.65,2.405763911941493,3,0,441,0.0,0,0,0.0,21.6535,46.27,1788,119.736,119.759,214.0,214.0,0.0,0.0,10.1344,2.0,1.0011922982959114,1.00094590390201,0.0,0.0,0.40537599999999996,0.9875273722627737,0,0,0,0,0,0,0,0,0,1,1,1,0,0,normal
112,0.0,120664.6,120664.6,1061.0,339000.0,6.3205,0.987578125,0.987578125,1.0,790061.0,6.4,119.90666666666668,120.86,0.9865258908580783,3,0,754,0.0,0,0,0.0,12.158100000000001,24.72,1060,120.558,120.211,226.0,223.0,0.0,0.0,5.9231,1.0,1.0078332536379715,1.0015027273910524,0.0,0.0,0.236924,0.987578125,0,0,0,0,0,0,0,0,0,1,1,1,0,0,normal
113,0.0,120006.7,120006.7,1356.1,289500.0,6.4272,1.0042499999999999,1.0042499999999999,1.0,803405.0,6.4,120.06666666666666,120.95,0.766963710571328,3,0,280,0.0,0,0,0.0,12.7407,26.75,1076,119.846,119.909,193.0,193.0,0.0,0.0,6.5629,1.0,1.00233824103636,1.0028391037647533,0.0,0.0,0.26251599999999997,1.0042499999999999,0,0,0,0,0,0,0,0,0,1,1,1,0,0,normal
114,0.0,120417.9,120417.9,381.8,330000.0,6.3795,0.996796875,0.996796875,1.0,797435.0,6.4,120.62333333333333,120.79,0.14977761292440728,3,0,721,0.0,0,0,0.0,13.0968,27.43,1080,120.189,119.795,220.0,217.0,0.0,0.0,6.4912,1.0,1.0057727283167712,1.0074885798982545,0.0,0.0,0.259648,0.996796875,0,0,0,0,0,0,0,0,0,1,1,1,0,0,normal
115,0.0,119550.1,119550.1,1240.6,307500.0,6.2031,0.969234375,0.969234375,1.0,775386.0,6.4,119.08999999999999,119.31,0.19697715603592042,3,0,321,0.0,0,0,0.0,11.769400000000001,23.94,1042,119.827,119.706,205.0,205.0,0.0,0.0,6.2784,1.0,0.9985245569599108,0.994681639650287,0.0,0.0,0.251136,0.969234375,0,0,0,0,0,0,0,0,0,1,1,1,0,0,normal
116,0.0,120285.4,120285.4,1744.0,309000.0,6.503,1.01609375,1.01609375,1.0,812881.0,6.4,119.75666666666666,120.12,0.3156474826976064,3,0,109,0.0,0,0,0.0,12.232,24.56,1092,120.338,119.968,206.0,203.0,0.0,0.0,6.448,1.0,1.0046660416323,1.0002498745407076,0.0,0.0,0.25792000000000004,1.01609375,0,0,0,0,0,0,0,0,0,1,1,1,0,0,normal
117,0.0,119669.9,119669.9,1272.2,279000.0,6.719,1.04984375,1.04984375,1.0,839873.0,6.4,120.39,121.25,0.7453858061433682,3,0,40,0.0,0,0,0.0,13.2805,27.0,1136,119.679,119.738,186.0,186.0,0.0,0.0,6.7641,1.0,0.9995251687697193,1.0055396976866073,0.0,0.0,0.270564,1.04984375,0,0,0,0,0,0,0,0,0,1,1,1,0,0,normal
118,0.0,120024.6,120024.6,499.5,324000.0,6.7073,1.048015625,1.048015625,1.0,838409.0,6.4,120.62333333333333,123.19,2.262130264448389,3,0,14,0.0,0,0,0.0,13.036999999999999,26.63,1106,120.186,120.146,216.0,214.0,0.0,0.0,6.2128,1.0,1.0024877481431678,1.0074885798982545,0.0,0.0,0.24851199999999998,1.048015625,0,0,0,0,0,0,0,0,0,1,1,1,0,0,normal
119,0.0,120665.5,120665.5,1840.3,277500.0,7.0666,1.10415625,1.10415625,1.0,883319.0,6.4,121.09333333333332,122.21,1.916828978634586,3,0,729,0.0,0,0,0.0,14.760200000000001,29.6,1152,120.183,119.866,185.0,182.0,0.0,0.0,6.8185,1.0,1.0078407707550736,1.0114141854960008,0.0,0.0,0.27274,1.10415625,0,0,0,0,0,0,0,0,0,1,1,1,0,0,normal
120,0.0,119430.2,119430.2,1450.3,324000.0,6.432,1.005,1.005,1.0,803999.0,6.4,119.13999999999999,121.38,2.0623287807718715,3,0,240,0.0,0,0,0.0,12.8318,26.1,1076,119.311,120.009,216.0,216.0,0.0,0.0,6.0702,1.0,0.9975231099148686,0.9950992572670685,0.0,0.0,0.242808,1.005,0,0,0,0,0,0,0,0,0,1,1,1,0,0,normal
121,0.0,119766.8,119766.8,861.4,300000.0,6.2313,0.9736406249999999,0.9736406249999999,1.0,778907.0,6.4,120.03333333333335,120.56,0.49034001808268973,3,0,81,0.0,0,0,0.0,12.1812,24.42,1032,119.794,120.198,200.0,198.0,0.0,0.0,5.683,1.0,1.000334511711042,1.0025606920202323,0.0,0.0,0.22732,0.9736406249999999,0,0,0,0,0,0,0,0,0,1,1,1,0,0,normal
122,0.0,119688.8,119688.8,718.7,334500.0,6.5783,1.0278593749999998,1.0278593749999998,1.0,822283.0,6.4,119.91000000000001,121.46,1.5915087181665075,3,0,30,0.0,0,0,0.0,13.393899999999999,27.37,1100,120.023,119.9,223.0,223.0,0.0,0.0,6.3952,1.0,0.9996830282288628,1.0015305685655045,0.0,0.0,0.255808,1.0278593749999998,0,0,0,0,0,0,0,0,0,1,1,1,0,0,normal
123,0.0,120679.0,120679.0,1893.8,337500.0,6.1398,0.9593437499999999,0.9593437499999999,1.0,767480.0,6.4,120.64333333333333,121.42,0.8292365967161228,3,0,101,0.0,0,0,0.0,13.0968,26.37,1024,120.522,120.16,225.0,222.0,0.0,0.0,5.9779,1.0,1.0079535275116045,1.007655626944967,0.0,0.0,0.239116,0.9593437499999999,0,0,0,0,0,0,0,0,0,1,1,1,0,0,normal
124,0.0,120121.4,120121.4,1248.9,324000.0,6.1404,0.9594374999999999,0.9594374999999999,1.0,767544.0,6.4,120.39,121.53,1.5616657773031986,3,0,33,0.0,0,0,0.0,12.2934,25.03,1032,120.701,120.173,216.0,214.0,0.0,0.0,5.706,1.0,1.0032962558492566,1.0055396976866073,0.0,0.0,0.22824000000000003,0.9594374999999999,0,0,0,0,0,0,0,0,0,1,1,1,0,0,normal
125,0.0,119881.4,119881.4,1540.9,349500.0,6.7946,1.06165625,1.06165625,1.0,849329.0,6.4,119.13666666666666,119.39,0.4046397574798291,3,0,285,0.0,0,0,0.0,12.5378,25.3,1106,119.802,119.865,233.0,230.0,0.0,0.0,6.723,1.0,1.0012916912887053,0.9950714160926164,0.0,0.0,0.26892,1.06165625,0,0,0,0,0,0,0,0,0,1,1,1,0,0,normal
126,0.0,119726.75,,,,,,,0.0,,,120.95333333333333,121.74,1.0971478174491012,3,0,103,0.0,0,0,0.0,0.0283,0.06,2,,,,,0.0,0.0,,,1.0,1.0102448561690127,0.0,0.0,,1.0,0,0,0,0,0,0,0,0,0,0,0,1,0,0,normal
127,0.0,119726.75,,,,,,,0.0,,,120.67,121.59,1.1945291959596502,3,0,360,0.0,0,0,0.0,0.0,0.0,0,,,,,0.0,0.0,,,1.0,1.007878356340584,0.0,0.0,,1.0,0,0,0,0,0,0,0,0,0,0,0,1,0,0,normal
128,0.0,119638.5,119638.5,540.4,295500.0,13.8333,1.0097299270072992,1.0097299270072992,1.0,1729164.0,13.7,120.37666666666667,121.53,1.4275970486567033,3,0,121,0.0,0,0,0.0,27.5711,55.8,2286,119.682,120.259,197.0,197.0,0.0,0.0,13.0826,1.0,0.9992629049063806,1.0054283329887987,0.0,0.0,0.523304,1.0097299270072992,0,0,0,0,0,0,0,0,0,1,1,1,0,0,normal
129,0.0,120475.1,120475.1,1901.6,318000.0,14.2153,1.0376131386861314,1.0376131386861314,1.0,1776916.0,13.7,120.44333333333333,120.85,0.4100406483915108,3,0,660,0.0,0,0,0.0,28.569000000000003,58.54,2366,120.361,120.199,212.0,211.0,0.0,0.0,14.4711,1.0,1.0062504828703696,1.0059851564778408,0.0,0.0,0.578844,1.0376131386861314,0,0,0,0,0,0,0,0,0,1,1,1,0,0,normal
130,0.0,120531.9,120531.9,489.9,360000.0,13.5798,0.9912262773722629,0.9912262773722629,1.0,1697473.0,13.7,120.70666666666666,121.19,0.5824374072235858,3,0,421,0.0,0,0,0.0,28.1789,57.67,2268,120.313,120.006,240.0,239.0,0.0,0.0,13.6877,1.0,1.006724896483033,1.008184609259557,0.0,0.0,0.547508,0.9912262773722629,0,0,0,0,0,0,0,0,0,1,1,1,0,0,normal
131,0.0,120414.6,120414.6,646.1,307500.0,13.8437,1.0104890510948905,1.0104890510948905,1.0,1730467.0,13.7,122.59999999999998,129.73,6.197894803883004,3,0,909,0.0,0,0,0.0,26.7014,55.06,2316,120.027,120.298,205.0,203.0,0.0,0.0,12.9136,1.0,1.0057451655540637,1.0239983963483514,0.0,0.0,0.516544,1.0104890510948905,0,0,0,0,0,0,0,0,0,1,1,1,0,0,normal
132,0.0,128839.45000000001,128981.3,6769.1,373500.0,24.9846,0.964368643029227,0.9628978102189782,2.0,3123070.0,25.91,130.0533333333333,131.16,1.1987215411985124,3,17,26307,0.0,0,40,40.913,51.476299999999995,105.82,4192,128.884,119.729,249.0,246.0,0.0,0.0,23.3828,2.0,1.076112481128904,1.0862512624232539,0.0,0.5666666666666667,0.935312,0.999384,0,0,0,0,0,0,1,0,0,0,1,1,0,0,normal
133,0.0,128488.4,128832.0,7701.85,333000.0,24.9162,0.9615912647883451,0.9606715806715805,2.0,3114517.0,25.91,128.26666666666668,128.45,0.1715614564327605,3,18,28357,0.0,0,22,22.787,52.0062,105.76,4184,128.662,120.148,222.0,219.0,0.0,0.0,23.7075,2.0,1.0731803878414807,1.071328392916927,0.0,0.6,0.9483,0.996648,0,0,0,0,0,0,1,0,0,0,1,1,0,0,normal
134,0.0,128333.2,128379.9,19048.949999999997,286500.0,25.3664,0.9789736754006827,0.9781736281736281,2.0,3170801.0,25.91,129.36333333333334,131.12,2.711905848906518,3,17,25977,0.0,0,20,19.380000000000003,48.9223,100.88,4206,128.524,119.837,191.0,189.0,0.0,0.0,25.1398,2.0,1.0718841027589907,1.0804881393116688,0.0,0.5666666666666667,1.005592,1.014656,0,0,0,0,0,0,1,0,0,0,1,1,0,0,normal
135,0.0,131261.5,131419.2,5774.866666666666,294000.0,24.9707,0.625892138446153,0.6113211678832117,3.0,3121338.0,39.91,130.98,131.73,0.7762087348130002,3,22,34216,0.0,0,108,102.098,47.153099999999995,96.62,4156,131.246,119.861,196.0,194.0,0.0,0.0,24.0925,3.0,1.0963422961034188,1.0939911089209386,0.0,0.7333333333333333,0.9637,0.998828,0,0,0,0,1,1,1,1,0,0,1,1,1,1,onset
136,0.0,132019.80000000002,132115.6,2696.866666666667,339000.0,24.7272,0.619442277992278,0.6154054054054053,3.0,3090895.0,39.91,133.35999999999999,135.95,2.4916460422780786,3,24,36503,0.0,0,128,132.999,51.8596,104.46,4158,132.011,119.778,226.0,224.0,0.0,0.0,24.9807,3.0,1.102675884879528,1.1138697074797403,0.0,0.8,0.999228,0.989088,0,0,0,0,1,1,0,1,0,0,0,1,0,0,normal
137,0.0,134799.90000000002,134979.2,7683.4,321000.0,25.2002,0.9097569082377477,0.9095357142857142,2.0,3150029.0,27.7,134.58666666666667,135.31,0.701165696061453,3,29,44032,0.0,0,42,41.299,49.3197,100.24,4178,134.996,119.86,214.0,211.0,0.0,0.0,22.8547,2.0,1.1258962596078155,1.1241152596781143,0.0,0.9666666666666667,0.914188,1.008008,0,0,0,0,1,1,1,1,0,0,1,1,1,1,onset
138,0.0,132815.0,132904.8,10611.55,330000.0,24.6077,0.8883123044838374,0.8834817518248176,2.0,3075961.0,27.7,131.32666666666668,133.88,3.028949212735875,3,26,39801,0.0,0,44,43.407,48.9583,98.0,4134,132.866,119.97,220.0,217.0,0.0,0.0,24.5927,2.0,1.1093176754568215,1.0968865910639576,0.0,0.8666666666666667,0.983708,0.9843080000000001,0,0,0,0,1,1,1,1,0,0,1,1,1,1,onset
139,0.0,130379.09999999999,130548.8,5177.766666666666,337500.0,25.2124,0.6708523574537247,0.6613065693430658,3.0,3151534.0,37.64,132.46,133.78,1.1898319209031123,3,21,31825,0.0,0,102,96.84100000000001,47.8658,96.5,4200,130.247,119.743,225.0,223.0,0.0,0.0,23.6454,3.0,1.0889721804024581,1.1063525903776725,0.0,0.7,0.945816,1.008496,0,0,0,0,0,1,1,1,0,0,1,1,1,1,onset
140,0.0,134025.38,134342.2,25871.760000000002,357000.0,25.151699999999998,0.4143922712080433,0.40167883211678834,5.0,3143960.0,60.75,135.58333333333334,135.97,0.34428670223135177,3,25,38535,0.0,0,264,248.20299999999997,47.595299999999995,96.34,4218,133.956,119.95,238.0,238.0,0.0,0.0,23.4523,5.0,1.1194271956768225,1.1324397708392933,0.0,0.8333333333333334,0.938092,1.006068,0,0,0,0,1,1,1,1,0,0,1,1,1,1,onset
141,0.0,136077.28,136373.7,8736.4,298500.0,25.177599999999998,0.41460907246522033,0.40118143459915606,5.0,3147190.0,60.75,135.10333333333332,135.96,0.7492885514495331,3,27,41697,0.0,0,266,249.132,46.8985,95.31,4172,136.033,120.291,199.0,196.0,0.0,0.0,25.4179,5.0,1.1365653874343036,1.1284306417181902,0.0,0.9,1.016716,1.007104,0,0,0,0,1,1,1,1,0,0,1,1,1,1,onset
142,0.0,134447.32,134520.3,4376.36,306000.0,25.1291,0.41179944702695215,0.39565400843881854,5.0,3141123.0,60.75,134.27666666666667,135.5,1.5236250632400798,3,27,41900,0.0,0,240,238.917,49.988200000000006,102.47,4184,134.563,120.104,204.0,201.0,0.0,0.0,24.6713,5.0,1.1229513872213186,1.1215260304540688,0.0,0.9,0.986852,1.005164,0,0,0,0,1,1,0,1,0,0,0,1,0,0,normal
143,0.0,133834.36000000002,134234.1,2931.2799999999997,306000.0,25.1694,0.41536953570938506,0.40687122736418513,5.0,3146174.0,60.75,133.83,135.59,2.1106397134518113,3,28,43234,0.0,0,322,326.298,51.275999999999996,108.86,4216,133.804,120.251,204.0,201.0,0.0,0.0,24.7348,5.0,1.1178317293336704,1.117795313077487,0.0,0.9333333333333333,0.989392,1.006776,0,0,0,0,1,1,0,1,0,0,0,1,0,0,normal
144,8.0,135302.875,135561.3,13621.15,192000.0,14.472399999999999,0.28509365575030177,0.2779051094890511,4.0,1809041.0,50.81,136.91,139.1,1.9194009482127379,3,28,42330,0.005776,14,210,205.022,28.2482,56.55,2410,135.276,119.929,128.0,128.0,9.0,4.0,14.4635,4.0,1.1300972840238293,1.1435205582712302,0.0033195020746887966,0.9333333333333333,0.5785399999999999,0.578896,1,1,1,1,1,1,1,1,1,1,1,1,2,1,congested
145,0.0,134423.94,134629.9,21758.120000000003,315000.0,25.1937,0.4007398039246959,0.39783403656821376,5.0,3149206.0,62.81,133.14333333333335,133.85,0.6573684912842467,3,30,46047,0.0,0,286,282.514,49.680800000000005,106.05,4190,134.306,120.111,210.0,207.0,0.0,0.0,24.3913,5.0,1.1227561092237115,1.1120600311403537,0.0,1.0,0.9756520000000001,1.007748,0,0,0,0,1,1,1,1,0,0,1,1,1,1,onset
146,21.0,133307.06,133456.2,19670.7,117000.0,8.9159,0.14160011655623167,0.13633333333333333,5.0,1114478.0,62.81,132.27,133.89,1.4109571219565658,3,31,47057,0.018253,28,232,231.48399999999998,18.0383,38.7,1506,133.304,120.297,78.0,77.0,21.0,10.0,9.0051,5.0,1.113427533947092,1.1047656434339028,0.013944223107569721,1.0333333333333334,0.360204,0.356636,1,1,1,1,1,1,1,1,1,1,1,1,2,1,congested
147,0.0,134122.82,134536.1,3055.46,330000.0,24.6908,0.3947854295232522,0.3854916666666666,5.0,3086348.0,62.81,133.46,134.56,0.973396116696577,3,31,46811,0.0,0,286,295.784,51.2528,105.33,4128,134.113,120.067,220.0,218.0,0.0,0.0,24.9381,5.0,1.1202410488884065,1.1147049427133036,0.0,1.0333333333333334,0.997524,0.987632,0,0,0,0,1,1,0,1,0,0,0,1,0,0,normal
148,34.0,133506.94,133847.9,7498.08,105000.0,9.2851,0.1500171270508573,0.13919285714285715,5.0,1160642.0,62.81,134.33,136.83,2.207351353998744,3,30,45204,0.038653,62,262,266.137,18.8157,37.96,1542,133.648,119.869,70.0,67.0,34.0,12.0,9.019,5.0,1.115097002131938,1.1219714892453025,0.02204928664072633,1.0,0.36076,0.371404,1,1,1,1,1,1,1,1,1,1,1,1,2,1,congested
149,32.0,135890.22,136067.0,24862.8,138000.0,8.423300000000001,0.13123785477796404,0.1040084388185654,5.0,1052911.0,62.81,134.97333333333333,136.07,1.2070763577062267,3,29,44205,0.034946,52,252,252.69099999999997,17.287599999999998,35.29,1436,135.993,120.133,92.0,91.0,31.0,10.0,8.3348,5.0,1.1350029964064003,1.1273448359145581,0.022284122562674095,0.9666666666666667,0.33339199999999997,0.33693200000000006,1,1,1,1,1,1,1,1,1,1,1,1,2,1,congested
150,0.0,132422.18,132692.6,15025.179999999998,411000.0,24.3433,0.3875064963796969,0.38013138686131387,5.0,3042918.0,62.81,132.71333333333334,132.84,0.1778576209593947,3,24,36547,0.0,0,256,237.544,45.88849999999999,91.85,4120,132.391,120.092,274.0,272.0,0.0,0.0,25.0395,5.0,1.106036704412339,1.1084685196360324,0.0,0.8,1.00158,0.9737319999999999,0,0,0,0,1,1,1,1,0,0,1,1,1,1,onset
151,0.0,134264.62,134431.6,22570.82,364500.0,24.9732,0.39727030805574254,0.390007299270073,5.0,3121648.0,62.81,134.17666666666665,135.39,1.5950339599310328,3,25,38836,0.0,0,278,278.153,49.905699999999996,100.55,4156,134.235,119.766,243.0,240.0,0.0,0.0,24.3071,5.0,1.1214254124495988,1.1206907952205054,0.0,0.8333333333333334,0.9722839999999999,0.9989279999999999,0,0,0,0,1,1,1,1,0,0,1,1,1,1,onset
152,0.0,131812.72,131898.2,7111.6,324000.0,24.549599999999998,0.39093423400928945,0.38781751824817523,5.0,3068697.0,62.81,132.13333333333333,133.76,1.4130227646196392,3,28,43109,0.0,0,256,255.846,50.2783,106.86,4192,131.777,120.159,216.0,214.0,0.0,0.0,25.4932,5.0,1.1009462797578653,1.1036241552813664,0.0,0.9333333333333333,1.019728,0.981984,0,0,0,0,1,1,1,1,0,0,1,1,1,1,onset
153,0.0,131640.48333333334,131946.9,9632.433333333332,303000.0,25.948900000000002,0.3565130511366772,0.3437299270072993,6.0,3243611.0,73.05,132.33333333333334,136.21,3.39506013692445,3,29,43549,0.0,0,368,368.96299999999997,50.6884,106.33,4212,131.491,120.261,202.0,199.0,0.0,0.0,23.2272,6.0,1.0995076984327508,1.1052946257484928,0.0,0.9666666666666667,0.929088,1.037956,0,0,0,0,1,1,1,1,0,0,1,1,1,1,onset
154,0.0,135997.4,136294.4,15313.383333333333,391500.0,24.3945,0.3340292054551912,0.3210875,6.0,3049303.0,73.05,135.65666666666667,137.41,1.9169072312799333,3,28,42883,0.0,0,328,320.409,48.413799999999995,97.44,4130,136.021,119.981,261.0,261.0,0.0,0.0,24.3409,6.0,1.1358982015297332,1.1330522766772393,0.0,0.9333333333333333,0.9736360000000001,0.97578,0,0,0,0,1,1,1,1,0,0,1,1,1,1,onset
155,0.0,133732.35,133975.1,5796.8,348000.0,24.3495,0.33106352107382137,0.31295358649789023,6.0,3043684.0,73.05,134.74333333333334,135.76,0.9691405126880831,3,28,43373,0.0,0,314,302.712,47.8467,97.68,4134,133.866,119.9,232.0,229.0,0.0,0.0,24.7022,6.0,1.1169797058719126,1.125423794877363,0.0,0.9333333333333333,0.9880880000000001,0.97398,0,0,0,0,1,1,1,1,0,0,1,1,1,1,onset
156,0.0,133275.93333333332,133619.5,13001.666666666666,333000.0,24.5929,0.3370816852844137,0.3295255474452555,6.0,3074102.0,73.05,132.75666666666666,135.2,2.1777587867652457,3,31,46734,0.0,0,258,264.3,50.7573,103.88,4128,133.378,119.89,222.0,219.0,0.0,0.0,24.9963,6.0,1.1131675530600582,1.1088304549039096,0.0,1.0333333333333334,0.9998520000000001,0.983716,0,0,0,0,1,1,1,1,0,0,1,1,1,1,onset
157,0.0,134623.88333333333,134725.8,14776.766666666668,390000.0,23.2415,0.3184662008278875,0.3108875,6.0,2905199.0,73.05,133.97333333333333,134.98,1.130678262519148,3,29,43990,0.000517,2,314,312.295,46.2052,92.78,3870,134.705,120.256,260.0,259.0,1.0,1.0,22.693,6.0,1.124426106390872,1.1189924835789273,0.0,0.9666666666666667,0.9077200000000001,0.9296599999999999,0,1,1,1,1,1,1,1,0,0,1,1,2,1,congested
158,0.0,132845.31666666668,133134.5,12962.35,303000.0,25.481199999999998,0.3496835716902679,0.33284671532846716,6.0,3185145.0,73.05,132.02,132.55,0.7357309290766592,3,28,43417,0.0,0,302,315.404,52.6991,106.55,4204,132.814,119.7,202.0,202.0,0.0,0.0,25.3462,6.0,1.1095708909384634,1.102677555349995,0.0,0.9333333333333333,1.013848,1.019248,0,0,0,0,1,1,1,1,0,0,1,1,1,1,onset
159,0.0,133820.68333333332,134178.5,4399.616666666667,409500.0,24.221,0.33139905174747036,0.3178059071729957,6.0,3027595.0,73.05,134.55333333333334,135.77,1.3955046876787516,3,28,42281,0.0,0,350,342.948,47.8476,97.51,4068,133.723,120.254,273.0,271.0,0.0,0.0,24.5011,6.0,1.117717496994893,1.1238368479335934,0.0,0.9333333333333333,0.980044,0.96884,0,0,0,0,1,1,0,1,0,0,0,1,0,0,normal
160,0.0,135700.21666666665,135940.8,11509.533333333333,354000.0,24.9098,0.34029504569159097,0.33299578059071727,6.0,3113720.0,73.05,135.24666666666667,136.43,1.5971328477410156,3,29,44696,0.0,0,326,338.048,51.5458,105.54,4142,135.73,120.113,236.0,236.0,0.0,0.0,22.7596,6.0,1.133416021621456,1.1296278122196308,0.0,0.9666666666666667,0.910384,0.996392,0,0,0,0,1,1,1,1,0,0,1,1,1,1,onset
161,0.0,133952.73333333334,134119.9,12214.449999999999,400500.0,25.5342,0.34946897927881193,0.3402428571428571,6.0,3191771.0,73.05,133.59666666666666,134.98,1.713427364475455,3,26,39705,0.0,0,314,301.195,48.5844,97.56,4220,133.856,119.99,267.0,265.0,0.0,0.0,25.496,6.0,1.1188204251208134,1.1158464308658396,0.0,0.8666666666666667,1.0198399999999999,1.0213679999999998,0,0,0,0,1,1,1,1,0,0,1,1,1,1,onset
162,0.0,134145.57142857142,134415.3,20949.385714285712,354000.0,24.5871,0.2768994715266359,0.2680375,7.0,3073378.0,88.69,133.79,134.65,0.8650433515148336,3,29,44139,0.0,0,430,424.74699999999996,49.3584,104.78,4164,134.046,119.971,236.0,235.0,0.0,0.0,23.0257,7.0,1.1204310768359738,1.1174612189840616,0.0,0.9666666666666667,0.9210280000000001,0.983484,0,0,0,0,1,1,1,1,0,0,1,1,1,1,onset
163,27.0,134197.77142857143,134518.6,25594.85714285714,142500.0,9.056799999999999,0.10152248356174119,0.09578333333333333,7.0,1132082.0,88.69,133.13666666666666,133.42,0.4398105652816189,3,30,46201,0.032765,50,406,409.977,17.8882,38.22,1476,134.283,119.765,95.0,94.0,26.0,13.0,8.5795,7.0,1.1208670696278937,1.1120043487914493,0.018292682926829267,1.0,0.34318,0.362272,1,1,1,1,1,1,1,1,1,1,1,1,2,1,congested
164,15.0,132905.05714285714,133090.4,5039.9857142857145,127500.0,8.9978,0.10235208911277602,0.09207142857142857,7.0,1124722.0,88.69,134.94666666666666,136.57,2.030426884508119,3,30,45111,0.021277,32,480,487.328,17.9392,37.01,1472,132.811,120.169,85.0,83.0,15.0,9.0,8.1207,7.0,1.1100698644443046,1.1271221065189414,0.010190217391304348,1.0,0.32482799999999995,0.359912,1,1,1,1,1,1,1,1,1,1,1,1,2,1,congested
165,0.0,133966.85714285713,134291.1,11800.199999999999,336000.0,22.2184,0.2506351101153596,0.23975,7.0,2777277.0,88.69,131.79999999999998,133.0,1.1950313803411194,3,30,45390,0.001093,4,448,461.36400000000003,45.202600000000004,93.13,3656,133.967,119.757,224.0,222.0,2.0,1.0,22.1206,7.0,1.1189383921542775,1.100840037836156,0.0,1.0,0.8848239999999999,0.888736,0,1,1,1,1,1,1,1,0,0,1,1,2,1,congested
166,0.0,133327.51666666666,133484.8,9096.35,348000.0,24.7171,0.3133093491158865,0.30046413502109703,6.0,3089636.0,78.45,133.64499999999998,134.06,0.5868986283848533,2,28,43327,0.0,0,396,394.429,49.0226,99.03,4100,133.376,120.025,232.0,230.0,0.0,0.0,23.3627,6.0,1.1135983952347046,1.1162501278953951,0.0,0.9333333333333333,0.934508,0.9886839999999999,0,0,0,0,1,1,1,1,0,0,1,1,1,1,onset
167,24.0,133911.03333333333,134154.3,33098.183333333334,129000.0,8.7265,0.11288504204239018,0.09968030690537083,6.0,1090824.0,78.45,134.475,137.11,1.832020742240663,4,26,40267,0.032129,48,396,365.956,16.0532,32.24,1446,133.861,120.274,86.0,85.0,24.0,10.0,8.2405,6.0,1.1184721320284174,1.1231825803339688,0.016597510373443983,0.8666666666666667,0.32962,0.34906,1,1,1,1,1,1,1,1,1,1,1,1,2,1,congested
168,0.0,135456.76666666666,135687.6,8181.599999999999,403500.0,25.1353,0.3191568560322834,0.3055274261603375,6.0,3141908.0,78.45,136.34,139.18,2.5802325476592363,3,30,45257,0.0,0,332,330.01800000000003,49.7815,103.05,4172,135.513,120.105,269.0,268.0,0.0,0.0,23.4124,6.0,1.1313826414453467,1.1387597174399207,0.0,1.0,0.9364960000000001,1.005412,0,0,0,0,1,1,1,1,0,0,1,1,1,1,onset
169,0.0,134468.48,134684.1,4738.7,331500.0,24.7037,0.39291249316564225,0.3885091420534459,5.0,3087958.0,62.81,134.52,136.39,2.8498596456667786,3,26,39840,0.0,0,278,260.98699999999997,46.6856,93.43,4144,134.451,119.901,221.0,218.0,0.0,0.0,24.4131,5.0,1.1231281229967405,1.1235584361890723,0.0,0.8666666666666667,0.976524,0.988148,0,0,0,0,1,1,0,1,0,0,0,1,0,0,normal
170,15.0,134436.84,134538.8,12861.14,145500.0,9.3372,0.15028778560942377,0.14035766423357665,5.0,1167136.0,62.81,134.13,135.43,1.8384776310850095,2,29,43974,0.022251,34,280,281.318,18.0246,36.73,1494,134.511,119.933,97.0,94.0,14.0,7.0,8.2721,5.0,1.1228638545688412,1.1203010187781761,0.010040160642570281,0.9666666666666667,0.330884,0.373488,1,1,1,1,1,1,1,1,1,1,1,1,2,1,congested
171,0.0,133262.4,133525.8,13189.1,292500.0,25.148600000000002,0.39941741733873626,0.3884810126582279,5.0,3143577.0,62.81,133.2,134.91,1.2739178414115424,4,28,43358,0.0,0,252,249.793,49.6877,103.66,4176,133.319,119.914,195.0,195.0,0.0,0.0,25.4621,5.0,1.1130545178917828,1.1125333311060392,0.0,0.9333333333333333,1.018484,1.0059440000000002,0,0,0,0,1,1,1,1,0,0,1,1,1,1,onset
172,0.0,133872.98,134351.6,13847.36,303000.0,25.1103,0.40028853287714733,0.3874671532846716,5.0,3138794.0,62.81,133.67333333333332,135.26,1.8441890720133238,3,28,42629,0.0,0,294,294.47,49.821200000000005,106.49,4144,133.897,120.108,202.0,200.0,0.0,0.0,23.2942,5.0,1.1181542971808724,1.116486777878238,0.0,0.9333333333333333,0.931768,1.0044119999999999,0,0,0,0,1,1,1,1,0,0,1,1,1,1,onset
173,0.0,133373.32,133480.1,23756.420000000002,403500.0,24.8773,0.3984591050566181,0.3847591240875913,5.0,3109656.0,62.81,133.4333333333333,134.54,1.3216025625479548,3,30,45539,0.0,0,254,256.317,50.107299999999995,104.92,4136,133.445,119.854,269.0,269.0,0.0,0.0,24.9203,5.0,1.113980960812851,1.1144822133176864,0.0,1.0,0.996812,0.9950920000000001,0,0,0,0,1,1,1,1,0,0,1,1,1,1,onset
174,34.0,136364.12,136809.2,5423.5199999999995,144000.0,8.4991,0.13491867221884904,0.12978333333333333,5.0,1062393.0,62.81,133.58333333333334,138.36,7.030763353529499,3,31,47428,0.036794,56,250,262.72,18.4906,37.24,1466,136.388,120.094,96.0,93.0,34.0,19.0,8.6535,5.0,1.1389611761782559,1.1157350661680314,0.023192360163710776,1.0333333333333334,0.34613999999999995,0.339964,1,1,1,1,1,1,1,1,1,1,1,1,2,1,congested
175,0.0,127262.1,127345.3,2990.35,348000.0,20.4175,0.9847821460469987,0.9732773722627738,2.0,2552181.0,20.81,125.21,127.95,3.4468391317263465,3,12,18879,0.0,0,0,0.0,40.8494,85.97,3406,127.033,119.748,232.0,229.0,0.0,0.0,20.6072,2.0,1.0629378981722966,1.0457980359443482,0.0,0.4,0.8242879999999999,0.9811388755406055,0,0,0,0,0,0,0,0,0,0,0,1,0,0,normal
176,0.0,122506.79999999999,122698.7,7192.85,325500.0,20.9269,1.0088601486546143,0.9986204379562045,2.0,2615862.0,20.81,121.49666666666667,123.22,1.8810723891794674,3,6,9510,0.0,0,0,0.0,43.1361,87.43,3492,122.473,119.865,217.0,214.0,0.0,0.0,19.3089,2.0,1.0232199571106706,1.0147829676047055,0.0,0.2,0.772356,1.0056174915905816,0,0,0,0,0,0,1,0,0,1,1,1,0,0,normal
177,0.0,120387.0,120422.8,1762.0,319500.0,20.9095,1.0025895110207685,0.9956680731364276,2.0,2613697.0,20.81,120.17999999999999,122.5,2.257808672142088,3,3,4971,0.0,0,0,0.0,40.8524,82.21,3516,120.672,119.819,213.0,212.0,0.0,0.0,20.6747,2.0,1.0055146406296003,1.0037857036961246,0.0,0.1,0.8269880000000001,1.004781355117732,0,0,0,0,0,0,0,0,0,0,0,1,0,0,normal
178,0.0,121034.5,121049.2,1126.05,268500.0,20.4643,0.9825391655630499,0.9798593530239099,2.0,2558039.0,20.81,120.77,122.48,1.532677395931718,3,2,4043,0.0,0,0,0.0,39.873599999999996,82.3,3422,120.995,120.107,179.0,178.0,0.0,0.0,19.0097,2.0,1.0109227887669214,1.008713591574147,0.0,0.06666666666666667,0.760388,0.9833877943296493,0,0,0,0,0,0,0,0,0,1,1,1,0,0,normal
179,0.0,120237.95000000001,120359.3,1453.6,319500.0,20.743499999999997,0.9949344759616865,0.9890295358649789,2.0,2592936.0,20.81,122.35333333333334,128.21,5.07208372696403,3,2,3385,0.0,0,0,0.0,41.0717,83.63,3436,120.242,119.829,213.0,212.0,0.0,0.0,18.7833,2.0,1.0042697225139747,1.021938149438896,0.0,0.06666666666666667,0.751332,0.9968044209514656,0,0,0,0,0,0,0,0,0,1,1,1,0,0,normal
180,0.0,129037.43333333333,129182.0,18048.133333333335,328500.0,25.0908,0.7046082344268753,0.6984950773558368,3.0,3136347.0,35.55,130.64666666666668,131.97,1.3351529250738612,3,18,27372,0.0,0,56,55.278999999999996,49.5045,99.91,4178,129.028,119.833,219.0,219.0,0.0,0.0,23.0589,3.0,1.0777661076854865,1.0912069914757285,0.0,0.6,0.9223560000000001,1.003632,0,0,0,0,0,0,1,0,0,0,1,1,0,0,normal
181,0.0,133532.83333333334,133699.6,10541.966666666667,339000.0,24.7241,0.6915727743965011,0.6720534458509141,3.0,3090514.0,35.55,132.60333333333332,133.71,0.9685728332620869,3,27,40520,0.0,0,98,102.251,52.0025,106.08,4152,133.277,120.166,226.0,226.0,0.0,0.0,23.8337,3.0,1.115313272375082,1.107549760879113,0.0,0.9,0.953348,0.988964,0,0,0,0,1,1,1,1,0,0,1,1,1,1,onset
182,0.0,130949.76666666666,131105.0,19898.100000000002,369000.0,24.9806,0.7003406830104147,0.6884669479606188,3.0,3122570.0,35.55,131.03666666666666,134.94,3.3804191061661832,3,25,38958,0.0,0,90,86.726,48.2372,98.22,4170,131.033,120.208,246.0,244.0,0.0,0.0,23.0916,3.0,1.0937385894686582,1.0944644088866244,0.0,0.8333333333333334,0.923664,0.999224,0,0,0,0,1,1,1,1,0,0,1,1,1,1,onset
183,0.0,132835.93333333332,133122.4,4559.633333333334,372000.0,25.050800000000002,0.7092110851614383,0.6836496350364963,3.0,3131344.0,35.55,131.51333333333335,132.58,1.5704245710422704,3,27,41259,0.0,0,88,86.352,49.2642,102.42,4182,132.717,120.093,248.0,248.0,0.0,0.0,24.7172,3.0,1.1094925180323805,1.0984456968332754,0.0,0.9,0.9886879999999999,1.002032,0,0,0,0,1,1,0,1,0,0,0,1,0,0,normal
184,0.0,134389.93333333332,134664.8,13632.266666666668,309000.0,25.1936,0.7096250510007627,0.7071709633649932,3.0,3149199.0,35.55,132.66333333333333,133.22,0.48335632129241624,3,30,45617,0.0,0,88,92.65199999999999,52.803799999999995,107.24,4178,134.46,119.909,206.0,205.0,0.0,0.0,25.3088,3.0,1.1224720735619511,1.1080509020192508,0.0,1.0,1.0123520000000001,1.007744,0,0,0,0,1,1,1,1,0,0,1,1,1,1,onset
185,0.0,131782.56666666665,131921.6,19962.666666666668,304500.0,20.8846,0.5897601332910631,0.5824626865671642,3.0,2610583.0,35.55,132.85,133.48,0.883572294721822,3,31,47223,0.001737,6,84,85.539,42.1463,88.74,3448,131.794,119.998,203.0,202.0,1.0,1.0,19.8101,3.0,1.1006944284937714,1.1096100077885684,0.0,1.0333333333333334,0.7924039999999999,0.8353839999999999,0,1,1,1,1,1,1,1,0,1,1,1,2,1,congested
186,14.0,133736.93333333335,133919.1,3929.9666666666667,123000.0,9.426400000000001,0.26657541287558345,0.2557153284671533,3.0,1178305.0,35.55,132.46666666666667,135.1,3.238955592985683,3,29,44410,0.011933,20,88,85.65,19.3461,40.41,1656,133.686,119.971,82.0,79.0,14.0,6.0,9.0718,3.0,1.1170179874867843,1.1064082727265767,0.008454106280193236,0.9666666666666667,0.362872,0.37705600000000006,1,1,1,1,1,1,0,1,1,1,1,1,2,1,congested
187,13.0,132634.36666666667,132671.5,7292.599999999999,106500.0,8.9612,0.25070149728270424,0.2442053445850914,3.0,1120162.0,35.55,130.48,133.37,4.339481535851968,3,31,47019,0.016818,26,68,67.733,18.1849,38.81,1520,132.699,119.993,71.0,70.0,13.0,7.0,8.7943,3.0,1.107808962213262,1.0898149327531232,0.008552631578947369,1.0333333333333334,0.351772,0.358448,1,1,1,1,1,0,1,1,1,1,1,1,2,1,congested
188,0.0,125496.8,125620.1,6782.65,292500.0,21.6645,0.9905952115143499,0.9879746835443037,2.0,2708059.0,21.85,124.26333333333334,126.59,2.5482608448377735,3,12,18717,0.0,0,0,0.0,44.3467,89.67,3636,125.782,120.247,195.0,195.0,0.0,0.0,19.9174,2.0,1.0481934905942072,1.037891142399951,0.0,0.4,0.7966960000000001,0.9915102974828375,0,0,0,0,0,0,1,0,0,1,1,1,0,0,normal
189,0.0,122917.15,123125.7,2990.6,381000.0,22.0766,1.0127064285400766,1.0060176390773405,2.0,2759574.0,21.85,123.25,123.69,0.382230297072326,3,6,9648,0.0,0,2,1.9969999999999999,44.0918,93.0,3678,122.895,119.937,254.0,253.0,0.0,0.0,20.7913,2.0,1.026647344891597,1.0294274253665117,0.0,0.2,0.831652,1.010370709382151,0,0,0,0,0,0,0,0,0,0,0,1,0,0,normal
190,0.0,122390.45,122464.7,798.25,328500.0,21.306,0.975256513748862,0.9748168249660787,2.0,2663250.0,21.85,126.02333333333333,131.95,5.169954867630208,3,4,6699,0.0,0,2,1.987,42.587900000000005,90.94,3572,122.233,119.709,219.0,219.0,0.0,0.0,20.7836,2.0,1.02224816091642,1.0525912825106614,0.0,0.13333333333333333,0.831344,0.9751029748283753,0,0,0,0,0,0,0,0,0,0,0,1,0,0,normal
191,0.0,131404.63333333333,131677.4,2962.566666666667,354000.0,24.9928,0.9306645217677838,0.9217440225035162,3.0,3124098.0,26.91,131.16,133.54,2.6031519356349513,3,22,33245,0.0,0,36,34.397999999999996,47.445,96.37,4136,131.421,120.049,236.0,234.0,0.0,0.0,23.541,3.0,1.0975377961343922,1.0954945323413523,0.0,0.7333333333333333,0.94164,0.9997119999999999,0,0,0,0,1,1,0,1,0,0,0,1,0,0,normal
192,0.0,131936.53333333333,132222.1,12232.233333333332,363000.0,25.0636,0.9285841810167211,0.9197233201581029,3.0,3132954.0,26.91,131.24333333333334,133.71,2.1429496805416033,3,24,37108,0.0,0,36,36.192,50.6287,102.3,4196,131.924,120.063,242.0,242.0,0.0,0.0,23.4713,3.0,1.101980412341714,1.096190561702655,0.0,0.8,0.938852,1.002544,0,0,0,0,1,1,1,1,0,0,1,1,1,1,onset
193,0.0,132746.56666666668,132966.3,13162.633333333331,306000.0,25.3479,0.9428717241386558,0.9389310829817158,3.0,3168491.0,26.91,132.11333333333332,133.01,1.285936753239968,3,25,38554,0.0,0,38,35.89,47.8919,97.76,4224,132.686,119.958,204.0,203.0,0.0,0.0,25.2766,3.0,1.10874609614532,1.1034571082346536,0.0,0.8333333333333334,1.011064,1.013916,0,0,0,0,1,1,1,1,0,0,1,1,1,1,onset
194,0.0,133826.53333333333,133893.9,10925.066666666666,351000.0,24.8679,0.9254039780362486,0.9074308300395257,3.0,3108487.0,26.91,134.16333333333333,135.37,1.1300147491662818,3,29,43862,0.0,0,32,30.6,47.364000000000004,97.8,4126,133.811,119.721,234.0,231.0,0.0,0.0,24.8891,3.0,1.1177663582560566,1.1205794305226973,0.0,0.9666666666666667,0.995564,0.9947159999999999,0,0,0,0,1,1,1,1,0,0,1,1,1,1,onset
195,0.0,133026.86666666667,133122.7,12047.233333333332,361500.0,24.1007,0.8968324204818262,0.8936160108548169,3.0,3012576.0,26.91,133.29666666666665,134.17,1.0442381592976575,3,26,39879,0.0,0,32,34.247,52.4752,105.64,4086,133.093,120.033,241.0,239.0,0.0,0.0,24.6439,3.0,1.111087260504997,1.1133407251651504,0.0,0.8666666666666667,0.985756,0.964028,0,0,0,0,1,1,1,1,0,0,1,1,1,1,onset
196,0.0,133753.4,133976.4,24711.966666666664,298500.0,25.3639,0.9455188072357591,0.9334328358208955,3.0,3170476.0,26.91,133.52333333333334,134.55,0.9555277773740334,3,28,42886,0.0,0,30,29.517000000000003,49.1143,102.03,4158,133.749,120.063,199.0,197.0,0.0,0.0,25.1383,3.0,1.1171555228885774,1.1152339250278935,0.0,0.9333333333333333,1.005532,1.014556,0,0,0,0,1,1,1,1,0,0,1,1,1,1,onset
197,2.0,130618.43333333333,130712.3,6985.033333333333,354000.0,22.1916,0.8236558445134169,0.8160079051383399,3.0,2773957.0,26.91,132.71,134.95,2.1022131195480527,3,31,46779,0.001082,4,44,45.486,45.8424,94.45,3694,130.612,120.028,236.0,236.0,2.0,1.0,20.1986,3.0,1.0909711767281192,1.1084406784615803,0.0005414185165132648,1.0333333333333334,0.807944,0.887664,1,1,1,1,0,1,1,1,0,0,1,1,2,1,congested
198,0.0,134305.0,134458.7,19911.666666666668,390000.0,25.098999999999997,0.9342108821812122,0.927788331071913,3.0,3137386.0,26.91,133.16666666666666,135.42,2.5619784021988394,3,30,45126,0.0,0,48,48.289,50.6054,107.39,4190,134.494,119.964,260.0,258.0,0.0,0.0,25.2276,3.0,1.1217626804369116,1.1122549193615183,0.0,1.0,1.009104,1.00396,0,0,0,0,1,1,1,1,0,0,1,1,1,1,onset
199,0.0,133224.83333333334,133323.2,6276.433333333333,304500.0,24.8848,0.9214718480777017,0.9124110671936759,3.0,3110598.0,26.91,134.765,135.45,0.9687362902255432,2,28,42355,0.0,0,38,39.487,51.8966,104.0,4160,133.248,120.091,203.0,200.0,0.0,0.0,24.9438,3.0,1.1127407478557076,1.1256047625113017,0.0,0.9333333333333333,0.997752,0.9953919999999999,0,0,0,0,1,1,1,1,0,0,1,1,1,1,onset
