flow_id,absolute_time_s,omitted,target_bw_mbps,mbps_achieved,retransmits,rtt_us,rttvar_us,snd_cwnd_bytes,bytes_transferred
0,6.076093454523402,False,12.78,12.7445,0,119562.9,733.1,277500,1593064
0,7.049723751349334,False,12.78,12.9952,0,120410.7,1717.6,282000,1624397
0,8.230060479825488,False,12.78,12.7165,0,120198.4,865.6,310500,1589558
0,9.40105166758229,False,12.78,12.8243,0,120008.2,1204.9,286500,1603037
0,10.22376870783784,False,12.78,12.5675,0,120246.5,1221.1,370500,1570934
0,11.354235943272414,False,12.78,12.7865,0,119561.0,908.3,265500,1598314
0,12.498053111272037,False,12.78,12.5835,0,120183.2,1929.0,316500,1572939
0,13.071058048164248,False,12.78,13.1531,0,120270.0,843.9,345000,1644132
0,14.814309446440355,False,12.78,12.5747,0,120997.1,649.6,283500,1571838
0,15.141447201726018,False,12.78,12.8213,0,119951.7,1423.8,280500,1602662
0,16.28143135199824,False,12.78,12.6387,0,120378.8,960.6,336000,1579837
0,17.74115878178494,False,12.78,12.8428,0,119672.1,456.0,361500,1605344
1,17.699906722581158,False,5.87,5.8209,0,119864.6,522.5,361500,727617
0,18.356631579612422,False,12.78,10.6437,0,128485.6,7588.2,289500,1330465
1,18.78104314705825,False,5.87,5.0012,0,128162.8,7651.7,289500,625148
2,18.373544873423562,False,11.21,9.3954,0,128449.4,7830.7,289500,1174430
0,19.626384759961116,False,12.78,10.7339,0,133573.4,33483.4,318000,1341739
1,19.95638703007739,False,5.87,4.9856,0,133013.7,33567.0,318000,623194
2,19.774005624711485,False,11.21,9.3154,0,133388.7,33398.7,318000,1164428
0,20.947231817329442,False,12.78,10.8185,0,131452.9,18833.1,331500,1352307
1,20.206793896765113,False,5.87,4.706,0,131428.3,18862.3,331500,588253
2,20.75989195223274,False,11.21,9.3874,0,131141.6,18740.7,331500,1173418
0,21.20987411415167,False,12.78,5.6919,6,133593.0,24212.8,196500,711482
1,21.21358327238469,False,5.87,2.5206,3,134077.8,24221.8,196500,315075
2,21.135234894614662,False,11.21,4.9814,5,133977.5,24046.3,196500,622669
0,22.63838427798209,False,12.78,10.912,0,131503.6,24964.6,394500,1363994
1,22.881312852609813,False,5.87,5.1084,0,131189.3,24929.7,394500,638544
2,22.110397090198063,False,11.21,9.3717,0,131059.1,24887.3,394500,1171467
0,23.014546454768404,False,12.78,12.6476,0,127350.7,1221.7,280500,1580951
2,23.123124715010505,False,11.21,11.0942,0,127100.2,976.9,280500,1386780
0,24.52562830162797,False,12.78,12.9585,0,125958.0,21065.3,361500,1619816
2,24.953864248478713,False,11.21,11.3779,0,126488.7,21083.2,361500,1422239
0,25.766251464371233,False,12.78,8.955,0,128774.7,3771.8,300000,1119377
2,25.124294712615026,False,11.21,7.6899,0,129041.0,3971.1,300000,961242
19,25.01737683973296,False,13.0,8.8774,0,128769.9,3758.0,300000,1109675
0,26.344614637236607,False,12.78,8.8506,0,133928.4,15153.1,345000,1106327
2,26.83859021871406,False,11.21,7.7761,0,133806.5,15289.9,345000,972015
19,26.39402524002496,False,13.0,8.9675,0,134212.2,15135.1,345000,1120936
0,27.244137598628246,False,12.78,6.4268,1,132935.3,33061.7,225000,803347
2,27.057266004952687,False,11.21,5.8391,1,132949.7,33135.4,225000,729887
19,27.36202394077876,False,13.0,6.6294,1,132981.5,33015.9,225000,828670
0,28.616189505150338,False,12.78,8.5307,0,136938.5,13860.0,373500,1066340
2,28.803012532234135,False,11.21,7.5801,0,137340.7,13861.9,373500,947512
19,28.257305929450403,False,13.0,8.6124,0,137373.7,14020.0,373500,1076553
0,29.465288385476356,False,12.78,8.7429,0,132889.4,8727.3,402000,1092865
2,29.145830013836182,False,11.21,7.6458,0,133060.8,8658.8,402000,955728
19,29.524363126706163,False,13.0,8.7169,0,132905.6,8927.5,402000,1089607
0,30.075476825793828,False,12.78,6.1886,0,132664.0,6688.4,376500,773574
2,30.541111370611972,False,11.21,5.5121,0,132865.7,6622.4,376500,689015
19,30.44108622235447,False,13.0,6.2364,0,132972.6,6534.2,376500,779554
20,30.95102070575807,False,15.0,7.3057,0,133063.4,6557.1,376500,913214
0,31.432625926808964,False,12.78,6.1812,0,135098.1,20361.7,346500,772655
2,31.971366058394672,False,11.21,5.346,0,135063.1,20470.5,346500,668248
19,31.93426457689202,False,13.0,6.3357,0,134915.5,20556.2,346500,791964
20,31.749737105063094,False,15.0,7.2498,0,135146.1,20577.0,346500,906224
0,32.24486691266089,False,12.78,6.1779,0,134491.0,20208.6,406500,772243
2,32.55943445932823,False,11.21,5.5657,0,134974.7,20042.0,406500,695707
19,32.0089480843885,False,13.0,6.2904,0,135052.1,19996.8,406500,786295
20,32.62802005198297,False,15.0,7.3207,0,134698.2,20061.7,406500,915087
0,33.72157282784725,False,12.78,4.6508,0,134166.3,14390.8,364500,581345
2,33.47608124513698,False,11.21,4.125,0,134208.6,14145.2,364500,515630
19,33.39385825924713,False,13.0,4.7205,0,134451.0,14223.1,364500,590062
20,33.909242167823955,False,15.0,5.4042,0,134062.5,14362.7,364500,675522
3,33.77967359500019,False,15.64,5.7846,0,134500.7,14243.6,364500,723069
0,34.6500647629708,False,12.78,4.7897,0,130764.7,15122.4,346500,598706
2,34.100785646120045,False,11.21,4.0946,0,130961.0,15290.3,346500,511820
19,34.035658630108514,False,13.0,4.6766,0,131087.1,15026.5,346500,584580
20,34.940954578869544,False,15.0,5.5936,0,131042.7,15099.6,346500,699203
3,34.51153140137401,False,15.64,5.6556,0,131477.3,15188.9,346500,706944
0,35.88515335950792,False,12.78,3.9146,0,132187.7,11911.5,300000,489327
2,35.49256445362464,False,11.21,3.6454,0,131915.0,11948.5,300000,455677
19,35.32824905207652,False,13.0,4.1036,0,131731.0,11861.4,300000,512944
20,35.06831751668669,False,15.0,4.6511,0,132084.9,11826.9,300000,581381
3,35.80276979519784,False,15.64,4.8885,0,132138.0,11928.4,300000,611057
21,35.76341158769337,False,12.0,3.7023,0,132187.7,12013.6,300000,462785
0,36.53370360720865,False,12.78,3.8728,0,132705.8,2801.1,406500,484102
2,36.12658813321019,False,11.21,3.4233,0,132287.9,2549.6,406500,427908
19,36.96334738134261,False,13.0,4.1041,0,132109.6,2554.7,406500,513016
20,36.22811249549618,False,15.0,4.5827,0,132416.6,2629.5,406500,572842
3,36.41840290504347,False,15.64,4.9759,0,132785.4,2792.9,406500,621993
21,36.80861167184058,False,12.0,3.6185,0,132381.6,2752.1,406500,452310
0,37.79862658449779,False,12.78,3.9621,0,133991.5,19664.7,354000,495258
2,37.077671258153956,False,11.21,3.6617,0,133874.6,19592.4,354000,457707
19,37.7728254002513,False,13.0,4.2561,0,134295.2,19444.3,354000,532006
20,37.26267287617991,False,15.0,4.7597,0,134239.7,19406.9,354000,594966
3,37.75141522969671,False,15.64,4.7444,0,134377.2,19608.5,354000,593044
21,37.36558796251339,False,12.0,3.7656,0,134027.4,19546.8,354000,470705
0,38.91178457588561,False,12.78,5.1634,0,133019.3,15784.7,336000,645420
2,38.27133087344877,False,11.21,4.5429,0,133005.0,15904.7,336000,567858
19,38.332254349727144,False,13.0,5.087,0,132928.2,15749.8,336000,635876
20,38.937619760437435,False,15.0,6.0373,0,133007.7,15814.8,336000,754661
21,38.77834359573845,False,12.0,4.506,0,132805.2,15695.1,336000,563256
0,39.83060735444083,False,12.78,4.9232,0,134182.6,13210.4,360000,615398
2,39.69782229994295,False,11.21,4.3748,0,133984.7,13273.3,360000,546852
19,39.05115203444138,False,13.0,5.0982,0,134157.7,13492.9,360000,637271
20,39.177463055788714,False,15.0,6.0421,0,133901.7,13461.6,360000,755266
21,39.1303978782933,False,12.0,4.7125,0,134171.1,13321.8,360000,589066
0,40.665975964266806,False,12.78,1.6752,3,134217.9,10914.4,114000,209395
2,40.56602852331231,False,11.21,1.5024,2,134574.8,10840.5,114000,187802
19,40.30370883352692,False,13.0,1.8241,3,134292.4,10739.3,114000,228007
20,40.725372060084375,False,15.0,2.2216,3,134117.3,10753.2,114000,277701
21,40.28290074134678,False,12.0,1.6088,3,134390.0,10888.2,114000,201098
0,41.05601979958525,False,12.78,5.1897,0,130635.1,1316.4,369000,648718
2,41.66476435718054,False,11.21,4.4472,0,130735.9,1409.2,369000,555902
19,41.74343040037969,False,13.0,4.9745,0,130870.8,1342.2,369000,621814
20,41.42769873831856,False,15.0,5.8472,0,130661.0,1299.6,369000,730898
21,41.11217046968019,False,12.0,4.5685,0,130782.1,1507.9,369000,571057
0,42.41850135052499,False,12.78,5.134,0,133071.8,9217.2,412500,641752
2,42.20327960931973,False,11.21,4.2597,0,132862.2,9085.1,412500,532461
19,42.65018850283981,False,13.0,4.8921,0,133168.9,9092.0,412500,611515
20,42.07482777771553,False,15.0,5.8551,0,133273.7,9028.9,412500,731893
21,42.59305414127888,False,12.0,4.6688,0,133231.6,9033.4,412500,583596
0,43.01495957737233,False,12.78,5.1416,0,132447.6,8467.4,388500,642696
2,43.30977832027151,False,11.21,4.4975,0,132400.8,8570.2,388500,562182
19,43.93726639163416,False,13.0,5.1416,0,131890.7,8647.0,388500,642705
20,43.6941281984733,False,15.0,5.8355,0,132253.4,8563.5,388500,729441
21,43.57709679623622,False,12.0,4.5992,0,132537.1,8391.8,388500,574894
0,44.39504496446601,False,12.78,4.9826,0,132930.8,3262.3,367500,622826
2,44.967236884894554,False,11.21,4.3606,0,133339.6,3176.8,367500,545079
19,44.905403177210076,False,13.0,5.0137,0,133227.3,3199.5,367500,626706
20,44.7162133396715,False,15.0,5.7242,0,133167.7,3105.3,367500,715522
21,44.63131136442698,False,12.0,4.7094,0,133238.2,3159.0,367500,588669
0,45.19727763310213,False,12.78,4.5301,0,132731.9,18269.6,277500,566261
2,45.2458924977661,False,11.21,3.9386,0,133040.1,18246.3,277500,492330
19,45.061901032785414,False,13.0,4.4547,0,132752.4,18316.4,277500,556835
20,45.6661429519121,False,15.0,5.3911,0,132866.4,18424.2,277500,673890
21,45.92338340305143,False,12.0,4.2173,0,133017.0,18489.0,277500,527160
0,46.73545267873126,False,12.78,4.8568,0,133211.3,26374.5,367500,607106
2,46.36740180904582,False,11.21,4.3984,0,133512.4,26210.0,367500,549805
19,46.26616497923837,False,13.0,5.0967,0,133323.3,26350.9,367500,637091
20,46.77951315648481,False,15.0,5.9441,0,133116.0,26389.4,367500,743016
21,46.698406221980655,False,12.0,4.9046,0,133019.8,26264.0,367500,613076
0,47.926917815254235,False,12.78,4.8288,0,133939.4,1330.7,322500,603604
2,47.29803561705597,False,11.21,4.3294,0,133991.8,1142.5,322500,541172
19,47.91783952256984,False,13.0,5.0057,0,134347.3,1283.2,322500,625709
20,47.64862197737909,False,15.0,5.8806,0,134271.3,1258.8,322500,735081
21,47.06978702618672,False,12.0,4.6144,0,134248.0,1184.0,322500,576803
0,48.80598442873525,False,12.78,5.0683,0,132823.7,4588.0,295500,633542
2,48.30670880656925,False,11.21,4.3286,0,133097.5,4410.2,295500,541079
19,48.3533171154194,False,13.0,5.1088,0,132699.6,4484.1,295500,638597
20,48.30471787336394,False,15.0,5.9881,0,132938.2,4560.3,295500,748518
21,48.93170960440834,False,12.0,4.592,0,132758.8,4475.2,295500,574005
0,49.191924437257526,False,12.78,5.0526,0,131583.0,6759.9,373500,631570
2,49.85017663655598,False,11.21,4.3802,0,132180.5,6860.4,373500,547525
19,49.158761752058545,False,13.0,4.9907,0,132329.3,6792.1,373500,623841
20,49.22730217914643,False,15.0,5.7047,0,132118.0,6817.2,373500,713085
21,49.08271879413558,False,12.0,4.654,0,132360.0,6657.4,373500,581748
0,50.10429202963652,False,12.78,4.2592,0,135238.4,17953.1,321000,532398
2,50.24289879102455,False,11.21,3.7712,0,134848.0,18029.1,321000,471394
19,50.21735838399751,False,13.0,4.3451,0,135034.9,17917.0,321000,543142
20,50.411617352488086,False,15.0,5.0417,0,135242.5,18013.8,321000,630216
21,50.69512463522001,False,12.0,4.1586,0,134687.3,18055.7,321000,519819
22,50.86182169660669,False,11.0,3.6891,0,134894.0,17970.4,321000,461132
0,51.59958151043018,False,12.78,1.4626,5,133946.7,31288.5,112500,182830
2,51.68515291055412,False,11.21,1.2012,4,133345.0,31296.7,112500,150154
19,51.20227321956498,False,13.0,1.3843,5,133246.0,31522.6,112500,173033
20,51.784830532437084,False,15.0,1.3833,6,133554.8,31259.3,112500,172913
21,51.62214219204844,False,12.0,1.3169,5,133349.9,31422.1,112500,164607
22,51.71620922573136,False,11.0,1.1017,4,133670.5,31256.9,112500,137708
0,52.83489290611001,False,12.78,4.4082,0,132131.2,23089.5,298500,551024
2,52.44678117189896,False,11.21,3.5489,0,132067.4,23080.5,298500,443611
19,52.46164665857877,False,13.0,4.3895,0,132045.3,23107.8,298500,548690
20,52.89275628826076,False,15.0,5.0079,0,131965.1,23084.1,298500,625983
21,52.95838515393025,False,12.0,3.9935,0,132292.9,23005.6,298500,499186
22,52.371714239181834,False,11.0,3.7051,0,131992.8,22865.3,298500,463140
0,53.553468692097134,False,12.78,1.4812,4,135102.4,3384.2,109500,185153
2,53.368807941021956,False,11.21,1.2173,4,134695.5,3190.2,109500,152165
19,53.715510374716416,False,13.0,1.5176,5,134709.7,3224.3,109500,189695
20,53.21549072558473,False,15.0,1.9015,5,135026.8,3087.5,109500,237690
21,53.79644969600751,False,12.0,1.3972,4,135255.2,3086.6,109500,174646
22,53.75884989903726,False,11.0,1.3267,4,135135.8,3104.9,109500,165843
0,54.79497205123826,False,12.78,4.0504,0,133400.0,12156.5,412500,506304
2,54.614269047201454,False,11.21,3.3159,0,133328.5,12132.3,412500,414487
19,54.881505422047134,False,13.0,3.9048,0,133422.8,11989.5,412500,488101
20,54.5911837529304,False,15.0,4.6243,0,133360.7,12158.6,412500,578037
21,54.6260674110851,False,12.0,3.7494,0,133379.2,12104.6,412500,468671
22,54.2682332713332,False,11.0,3.3558,0,133073.7,12145.9,412500,419475
4,54.21276351066603,False,6.18,1.8281,0,133115.5,12003.4,412500,228511
0,55.18604117700717,False,12.78,1.4714,1,133962.6,4282.8,124500,183928
2,55.813612637119505,False,11.21,1.2383,1,133898.1,4245.6,124500,154783
19,55.68543533323645,False,13.0,1.5206,1,134113.3,4212.3,124500,190078
20,55.32126668217359,False,15.0,1.6365,1,133983.4,4321.6,124500,204564
21,55.21652845686795,False,12.0,1.2196,1,133872.0,4339.1,124500,152451
22,55.80679033125514,False,11.0,1.0403,1,134117.5,4329.3,124500,130038
4,55.087501097514675,False,6.18,0.7417,1,134145.9,4187.0,124500,92708
0,56.03083760186546,False,12.78,3.4204,0,132952.4,23301.3,348000,427550
2,56.03858952745452,False,11.21,3.0502,0,132763.8,23338.8,348000,381276
19,56.87923700704469,False,13.0,3.4512,0,132898.4,23441.0,348000,431403
20,56.81716150748271,False,15.0,4.1918,0,132607.0,23470.5,348000,523975
21,56.06658335482769,False,12.0,3.2529,0,132794.4,23344.6,348000,406608
22,56.84944303829716,False,11.0,3.1409,0,132503.2,23413.6,348000,392617
4,56.02220163027044,False,6.18,1.6902,0,132564.7,23210.6,348000,211272
5,56.30965020931825,False,10.3,2.953,0,132545.9,23341.5,348000,369123
0,57.756709852572065,False,12.78,1.0906,4,134247.7,7992.0,138000,136325
2,57.82874843155235,False,11.21,1.1955,3,134235.2,7999.3,138000,149435
19,57.85578891439968,False,13.0,1.3383,4,134513.3,8175.0,138000,167292
20,57.749162865397885,False,15.0,1.584,4,134460.2,8284.9,138000,198000
21,57.226586707858665,False,12.0,1.3134,3,134010.8,8104.4,138000,164170
22,57.33848622532444,False,11.0,1.1121,3,134141.1,8266.4,138000,139018
4,57.97130672878926,False,6.18,0.4384,2,134137.5,8286.3,138000,54798
5,57.587226636849074,False,10.3,1.0871,3,134219.1,8202.2,138000,135881
0,58.670756297744845,False,12.78,3.459,0,131491.7,1202.2,324000,432373
2,58.4953558517534,False,11.21,3.0957,0,131590.2,1050.0,324000,386959
19,58.27253533131734,False,13.0,3.6355,0,131837.8,1194.4,324000,454434
20,58.17756245018635,False,15.0,4.1068,0,131417.9,1179.6,324000,513346
21,58.82899340897245,False,12.0,3.2133,0,131986.3,1200.1,324000,401664
22,58.829773425238756,False,11.0,3.0343,0,131888.5,1209.7,324000,379288
4,58.15215413241576,False,6.18,1.5778,0,132234.7,1120.4,324000,197228
5,58.57735889623433,False,10.3,2.626,0,131730.0,1276.2,324000,328246
0,59.03142632771926,False,12.78,3.3414,0,131327.8,11049.0,402000,417677
2,59.87216327558326,False,11.21,3.0027,0,131075.4,11215.5,402000,375339
19,59.854366863045286,False,13.0,3.6079,0,131265.1,11096.8,402000,450992
20,59.28365435343785,False,15.0,4.1081,0,131147.6,11254.6,402000,513507
21,59.83891405126566,False,12.0,3.3286,0,131120.2,11172.9,402000,416078
22,59.96558970214428,False,11.0,3.0065,0,131008.3,11053.5,402000,375817
4,59.084252451258585,False,6.18,1.7342,0,131166.9,11314.8,402000,216775
5,59.2270721192673,False,10.3,2.7649,0,131069.7,11096.7,402000,345608
0,60.165816178203166,False,12.78,3.3277,0,131566.4,11519.0,325500,415966
2,60.322991378860735,False,11.21,2.9004,0,131520.0,11728.2,325500,362552
19,60.2538984304066,False,13.0,3.4584,0,131460.4,11527.6,325500,432299
20,60.20840187026869,False,15.0,4.2445,0,131384.9,11507.5,325500,530561
21,60.85601233263956,False,12.0,3.2481,0,131679.0,11591.5,325500,406013
22,60.79576684157864,False,11.0,2.8204,0,131582.6,11657.8,325500,352550
4,60.14263799815307,False,6.18,1.7165,0,131400.0,11640.4,325500,214559
5,60.08144960103429,False,10.3,2.6771,0,131768.9,11635.1,325500,334636
0,61.0564089397274,False,12.78,1.0188,2,134192.6,8349.2,133500,127350
2,61.568544699339306,False,11.21,0.9405,2,133806.9,8320.0,133500,117557
19,61.31073674175524,False,13.0,1.3407,2,134407.7,8361.2,133500,167591
20,61.88062411793332,False,15.0,1.5391,2,134298.7,8399.3,133500,192382
21,61.734225037317685,False,12.0,1.0149,2,134171.4,8249.3,133500,126862
22,61.35778974127651,False,11.0,0.7064,2,133977.5,8354.0,133500,88302
4,61.4494500120877,False,6.18,0.5565,1,134482.2,8201.0,133500,69567
5,61.941930377406464,False,10.3,0.9234,2,134340.3,8161.4,133500,115418
0,62.48472821742974,False,12.78,1.9879,1,136249.9,14176.2,192000,248486
2,62.36845152269443,False,11.21,1.5974,1,136633.1,14168.2,192000,199670
19,62.183417651829494,False,13.0,1.9056,2,136581.4,14173.7,192000,238202
20,62.81745384204506,False,15.0,2.2109,2,136357.9,14057.3,192000,276360
21,62.565547865237725,False,12.0,1.8794,1,136462.8,14293.4,192000,234929
22,62.3637168214101,False,11.0,1.6529,1,136301.7,14241.7,192000,206618
5,62.78796712327207,False,10.3,1.5917,1,136332.0,14256.0,192000,198962
0,63.21602545920665,False,12.78,1.25,8,132912.1,2102.2,115500,156249
2,63.000646856853685,False,11.21,1.0148,7,133215.4,2115.0,115500,126843
19,63.742763106299456,False,13.0,1.2479,8,133182.7,2224.3,115500,155982
20,63.09283876099445,False,15.0,1.3915,9,132870.9,2141.4,115500,173935
21,63.28854630435885,False,12.0,1.2074,7,133102.2,2048.1,115500,150930
22,63.46338836369195,False,11.0,0.9652,6,132961.1,2308.6,115500,120650
5,63.48239270055905,False,10.3,1.1241,6,133066.5,2082.4,115500,140506
6,63.761754405141225,False,11.34,1.2568,7,132827.5,2335.9,115500,157101
0,64.03015904944587,False,12.78,1.2398,6,131340.6,11782.4,139500,154973
2,64.60897784913578,False,11.21,0.9248,5,131191.6,11884.3,139500,115596
19,64.04974057972476,False,13.0,1.1437,6,131591.0,11881.5,139500,142965
20,64.8307885910305,False,15.0,1.3229,7,131311.2,11862.6,139500,165357
21,64.71735230397915,False,12.0,0.8985,5,131353.3,11746.0,139500,112308
22,64.17176108985147,False,11.0,0.9909,5,131234.9,11815.5,139500,123860
5,64.74326195271894,False,10.3,1.0264,4,131316.2,11848.8,139500,128295
6,64.67061919858999,False,11.34,1.0285,5,131324.4,11802.2,139500,128565
0,65.0655035369461,False,12.78,1.126,5,135707.4,7503.1,124500,140745
2,65.3416329080581,False,11.21,1.0759,5,135712.2,7457.2,124500,134482
19,65.6053489751134,False,13.0,1.12,5,135723.8,7466.5,124500,139999
20,65.93768984827125,False,15.0,1.1168,6,135914.0,7641.3,124500,139595
21,65.27879988168458,False,12.0,1.0203,5,135791.3,7470.1,124500,127540
22,65.98020775762599,False,11.0,1.0041,5,135892.3,7573.7,124500,125506
5,65.4383701551783,False,10.3,0.7383,4,135428.8,7410.6,124500,92283
6,65.92612966839222,False,11.34,0.8511,5,135434.4,7637.2,124500,106382
7,65.06119037608234,False,8.4,0.6439,4,135453.7,7665.5,124500,80486
2,66.44224738198594,False,11.21,0.9524,5,130954.8,8980.9,130500,119047
19,66.65529449631065,False,13.0,1.0662,6,130897.1,8831.8,130500,133276
20,66.89531617724391,False,15.0,1.503,7,131058.3,8863.9,130500,187873
21,66.00680918259745,False,12.0,1.193,5,131034.9,8707.2,130500,149127
22,66.39838219670632,False,11.0,1.1053,5,130671.7,8813.9,130500,138157
5,66.26891684946163,False,10.3,0.9481,5,131013.9,8897.8,130500,118516
6,66.42565804358202,False,11.34,1.0239,5,130796.6,8793.1,130500,127986
7,66.4878913886875,False,8.4,0.8181,4,131237.7,8776.9,130500,102259
2,67.1627614737881,False,11.21,1.1698,4,132294.4,8785.9,109500,146228
19,67.34051810969211,False,13.0,1.278,5,132417.6,8926.5,109500,159754
20,67.81277120712615,False,15.0,1.5457,5,132869.7,8935.2,109500,193212
21,67.39552359674107,False,12.0,1.3593,4,132781.4,8925.2,109500,169915
22,67.57108880732137,False,11.0,1.1177,4,132720.7,8687.1,109500,139711
5,67.21254892858872,False,10.3,0.8998,4,132600.0,8949.9,109500,112471
6,67.03211901158672,False,11.34,1.1192,4,132483.5,8877.4,109500,139904
7,67.1707986381769,False,8.4,0.8598,3,133035.5,8686.7,109500,107480
2,68.81055282718921,False,11.21,2.8302,0,133756.3,5708.0,324000,353776
19,68.04984603169966,False,13.0,3.4768,0,133729.9,5530.8,324000,434597
20,68.22425640977575,False,15.0,4.0322,0,133579.5,5563.9,324000,504028
21,68.35561665951286,False,12.0,3.0738,0,133770.5,5599.8,324000,384222
22,68.34731091824166,False,11.0,2.9904,0,133726.5,5569.8,324000,373803
5,68.20696877996978,False,10.3,2.8745,0,133536.1,5525.0,324000,359309
6,68.83249962329887,False,11.34,3.0323,0,133469.5,5571.2,324000,379043
7,68.81538737464149,False,8.4,2.1943,0,133379.5,5669.1,324000,274282
2,69.92322932963512,False,11.21,1.5311,2,130789.5,8799.6,147000,191393
19,69.47084022990379,False,13.0,1.9006,2,131628.2,8718.4,147000,237568
20,69.9614393982946,False,15.0,2.0394,3,131174.3,8905.5,147000,254929
21,69.41349032585883,False,12.0,1.8957,2,131336.6,8729.1,147000,236959
22,69.65515995514693,False,11.0,1.6064,2,131055.3,8990.1,147000,200798
6,69.39917567857192,False,11.34,1.6072,2,131110.7,8873.8,147000,200903
7,69.36972336568138,False,8.4,1.2461,2,131322.3,8892.2,147000,155767
2,70.40904079203564,False,11.21,3.377,0,132970.3,3144.6,292500,422119
19,70.39130672227685,False,13.0,4.0847,0,133285.3,3059.2,292500,510583
20,70.0414960645491,False,15.0,4.5418,0,132958.1,3286.3,292500,567729
21,70.55147010814228,False,12.0,3.5436,0,132969.6,3301.9,292500,442955
22,70.94853682883024,False,11.0,3.3598,0,132712.7,3257.6,292500,419969
6,70.90725633908674,False,11.34,3.4982,0,132976.8,3318.4,292500,437271
7,70.74487390348075,False,8.4,2.7005,0,133313.9,3159.1,292500,337558
2,71.7241814994027,False,11.21,3.6341,0,132863.4,8008.1,306000,454265
19,71.5348935664724,False,13.0,3.9526,0,132848.0,8129.4,306000,494074
20,71.90591012519205,False,15.0,4.5719,0,133026.1,7993.3,306000,571491
21,71.50895448812575,False,12.0,3.7416,0,132698.5,8024.8,306000,467697
22,71.03887672009924,False,11.0,3.4371,0,132440.3,7977.1,306000,429633
6,71.66438222551511,False,11.34,3.6254,0,132654.8,7983.3,306000,453171
7,71.98042898075572,False,8.4,2.7068,0,132698.3,7959.3,306000,338353
2,72.68116510150338,False,11.21,1.8092,1,135382.4,18623.1,207000,226145
19,72.30414425285106,False,13.0,2.1332,1,135219.3,18492.0,207000,266656
20,72.16922703839664,False,15.0,2.1855,2,135702.0,18473.3,207000,273181
21,72.08328638563678,False,12.0,2.0778,1,135354.5,18694.6,207000,259728
22,72.65510149581752,False,11.0,1.6835,1,135404.8,18430.2,207000,210435
6,72.02347067610808,False,11.34,1.7093,1,135518.6,18495.4,207000,213656
7,72.91719915997662,False,8.4,1.3118,1,135348.2,18685.7,207000,163974
8,72.56821036740833,False,6.4,0.9684,1,135428.5,18437.0,207000,121045
2,73.01118951122314,False,11.21,1.0994,4,133046.3,18377.6,127500,137423
19,73.58246869877333,False,13.0,1.2485,5,133263.5,18214.7,127500,156059
20,73.27248678922663,False,15.0,1.5531,5,133047.7,18365.9,127500,194133
21,73.3709747508023,False,12.0,1.113,4,133249.5,18473.9,127500,139118
22,73.82403990426438,False,11.0,1.0506,4,133076.6,18330.5,127500,131329
6,73.8091322590911,False,11.34,1.0892,4,133193.6,18270.5,127500,136153
7,73.08268966553322,False,8.4,0.6515,3,132940.6,18463.8,127500,81439
8,73.48761002690715,False,6.4,0.7153,2,132907.6,18218.0,127500,89410
2,74.52464118106093,False,11.21,3.0073,0,131995.9,15566.4,393000,375911
19,74.75255932049225,False,13.0,3.7357,0,131893.8,15689.6,393000,466956
20,74.35746397907762,False,15.0,4.2641,0,132097.1,15528.5,393000,533010
21,74.03432597718381,False,12.0,3.5948,0,131958.0,15465.0,393000,449353
22,74.63508943644369,False,11.0,3.2964,0,131959.1,15506.0,393000,412047
6,74.29431433223851,False,11.34,3.2896,0,132065.9,15716.7,393000,411202
7,74.6656600048588,False,8.4,2.3496,0,131845.4,15520.2,393000,293694
8,74.3930222405854,False,6.4,1.8772,0,132325.6,15695.3,393000,234651
2,75.66455811697683,False,11.21,3.7193,0,131349.3,3711.9,405000,464910
19,75.15463949285129,False,13.0,4.2183,0,131447.2,3901.5,405000,527293
20,75.85744052992406,False,15.0,4.9713,0,131711.5,3777.1,405000,621414
21,75.4070785711108,False,12.0,3.9006,0,131123.3,3789.6,405000,487575
22,75.84206878273497,False,11.0,3.4176,0,131331.6,3773.0,405000,427204
7,75.77172153440982,False,8.4,2.8417,0,131597.0,3770.6,405000,355206
8,75.85690675934048,False,6.4,2.1603,0,131343.6,3679.7,405000,270041
2,76.58829940903551,False,11.21,2.5112,1,134396.2,22078.5,225000,313904
19,76.42477174560963,False,13.0,3.1262,1,134400.7,22048.2,225000,390775
20,76.68543076309287,False,15.0,3.5117,1,134064.1,21943.4,225000,438957
21,76.21652675001748,False,12.0,2.7978,1,133954.0,22099.7,225000,349718
22,76.72680974645122,False,11.0,2.6152,1,134282.4,21889.1,225000,326898
7,76.3286517896885,False,8.4,1.8857,1,133794.3,22154.2,225000,235708
8,76.25600567522343,False,6.4,1.4266,0,134212.8,21900.0,225000,178321
2,77.54266375070074,False,11.21,2.8427,1,135247.8,4888.0,207000,355331
19,77.95564969639409,False,13.0,3.2322,1,135128.3,4959.3,207000,404023
20,77.06870014504514,False,15.0,3.9546,2,135692.6,4910.2,207000,494331
21,77.9080953859119,False,12.0,3.0536,1,135142.8,4862.4,207000,381696
22,77.2904198872266,False,11.0,2.6744,1,135246.5,4974.5,207000,334293
8,77.78426928285366,False,6.4,1.8073,1,135351.4,5030.2,207000,225908
19,78.29286585652157,False,13.0,5.7709,0,130632.8,19293.8,340500,721367
20,78.58752676887768,False,15.0,6.5876,0,130173.1,19200.2,340500,823453
21,78.33930361617362,False,12.0,5.3344,0,130151.5,19177.0,340500,666799
22,78.7216498081041,False,11.0,4.707,0,130458.1,19130.7,340500,588380
8,78.7050156754218,False,6.4,2.7434,0,130456.0,19010.1,340500,342927
19,79.53489641269388,False,13.0,4.5609,1,136041.4,20830.4,328500,570115
20,79.54338407352718,False,15.0,5.4732,1,136746.2,20852.1,328500,684144
21,79.23789613221587,False,12.0,4.4717,1,135875.2,20943.2,328500,558959
22,79.17512798131574,False,11.0,3.9407,1,136069.1,20855.6,328500,492592
8,79.86488234344985,False,6.4,2.3047,1,136247.9,20986.1,328500,288086
19,80.39867668378461,False,13.0,4.3285,1,132702.6,11710.7,240000,541065
20,80.13187782489526,False,15.0,5.1799,1,132728.0,11713.5,240000,647486
21,80.68648790677575,False,12.0,3.9557,1,132565.0,11792.5,240000,494467
22,80.49495940204514,False,11.0,3.8137,1,132663.6,11880.8,240000,476715
8,80.02543274842071,False,6.4,2.2318,0,132787.5,11675.0,240000,278976
19,81.84145973719818,False,13.0,5.2774,0,128445.2,13036.0,387000,659677
20,81.10696411378264,False,15.0,6.1127,0,128744.8,13139.9,387000,764093
21,81.08517183546262,False,12.0,5.1693,0,128664.4,13013.3,387000,646168
22,81.63139640042714,False,11.0,4.6224,0,129248.5,12921.0,387000,577805
8,81.30469319624022,False,6.4,2.8162,0,128788.9,12926.6,387000,352027
9,81.57729891690859,False,4.56,1.9498,0,128840.6,13093.9,387000,243730
19,82.46151977521629,False,13.0,5.2147,0,134688.7,24269.3,388500,651840
20,82.35503536613406,False,15.0,6.1694,0,134231.4,24243.9,388500,771177
21,82.69508637957266,False,12.0,4.8502,0,134384.4,24307.0,388500,606277
22,82.74869125350821,False,11.0,4.6027,0,134180.5,24195.8,388500,575338
8,82.2483703088918,False,6.4,2.3795,0,134179.8,24357.4,388500,297440
9,82.37406082158992,False,4.56,1.878,0,134219.7,24367.8,388500,234756
19,83.1603037765659,False,13.0,5.2814,0,132662.7,11836.6,324000,660173
20,83.11399471661124,False,15.0,5.9083,0,132624.4,11805.1,324000,738542
21,83.65309337020118,False,12.0,4.8705,0,132953.6,11801.0,324000,608816
22,83.805586110285,False,11.0,4.6835,0,132605.7,11703.3,324000,585436
8,83.14991799122626,False,6.4,2.6247,0,132863.7,11971.2,324000,328081
9,83.39744716129815,False,4.56,2.1023,0,132653.1,11859.4,324000,262788
19,84.16103420695443,False,13.0,5.1717,0,134228.7,9344.5,360000,646466
20,84.54684247643907,False,15.0,5.9795,0,134436.3,9244.5,360000,747437
21,84.34202604518622,False,12.0,4.9504,0,134352.0,9400.0,360000,618802
22,84.56019205471011,False,11.0,4.4651,0,134579.1,9250.7,360000,558135
8,84.14203476244784,False,6.4,2.5651,0,134461.8,9315.8,360000,320637
9,84.07980925111791,False,4.56,1.8201,0,134071.1,9405.6,360000,227512
19,85.4720704889558,False,13.0,1.9968,8,132139.9,1752.7,102000,249600
20,85.27429855721627,False,15.0,2.2748,9,132163.2,1963.7,102000,284346
21,85.40136859688776,False,12.0,1.7882,7,131913.8,1740.8,102000,223520
22,85.66552818042125,False,11.0,1.8512,6,132182.8,2009.5,102000,231400
8,85.02184548719546,False,6.4,1.0612,4,132059.8,2013.8,102000,132649
9,85.43545708331669,False,4.56,0.5989,3,132245.3,1768.3,102000,74858
19,86.59346652826213,False,13.0,5.034,0,134105.5,10071.8,376500,629248
20,86.43815157247349,False,15.0,5.9309,0,133961.1,10120.3,376500,741367
21,86.79178553080132,False,12.0,4.7961,0,134041.3,10161.4,376500,599510
22,86.77656141848067,False,11.0,4.4935,0,133842.2,10244.9,376500,561682
8,86.53570268663006,False,6.4,2.3868,0,134149.0,10342.8,376500,298352
9,86.56589157298811,False,4.56,1.6747,0,133900.7,10243.1,376500,209336
19,87.22450489906645,False,13.0,5.4409,0,129919.9,21624.3,399000,680113
20,87.16173309081444,False,15.0,6.0571,0,129856.1,21599.8,399000,757142
21,87.05063870356419,False,12.0,4.8414,0,129699.5,21583.3,399000,605174
22,87.378956259399,False,11.0,4.514,0,129309.4,21612.3,399000,564246
8,87.06142100278699,False,6.4,2.5883,0,129846.9,21619.0,399000,323535
9,87.86925317771602,False,4.56,1.871,0,129662.2,21637.1,399000,233872
19,88.09702760793293,False,13.0,4.6567,0,134099.0,22877.5,364500,582083
20,88.93651118094715,False,15.0,5.5203,0,134204.5,22876.6,364500,690041
21,88.16818820248686,False,12.0,4.1992,0,134249.4,22886.1,364500,524896
22,88.97961028005048,False,11.0,3.7302,0,134109.1,22970.4,364500,466277
8,88.37831808008424,False,6.4,2.2961,0,134111.4,22905.7,364500,287014
9,88.66372999045895,False,4.56,1.5344,0,134105.6,22864.2,364500,191797
19,89.41128857058617,False,13.0,2.0107,2,135208.6,2584.8,132000,251336
20,89.31221010583346,False,15.0,2.4596,2,134956.0,2656.5,132000,307444
21,89.17724132106717,False,12.0,1.8194,2,134741.3,2467.0,132000,227428
22,89.4703389741381,False,11.0,1.8577,1,135062.6,2602.0,132000,232206
8,89.98258947396035,False,6.4,0.9543,1,134592.1,2672.7,132000,119288
9,89.22241082366534,False,4.56,0.7942,1,134784.9,2687.1,132000,99274
19,90.1790829823651,False,13.0,5.1132,0,130619.0,15364.0,343500,639154
20,90.4158108942527,False,15.0,6.0164,0,131175.0,15289.8,343500,752046
21,90.8577589517043,False,12.0,4.981,0,131016.0,15311.8,343500,622624
22,90.41166038233823,False,11.0,4.4718,0,130886.2,15112.5,343500,558973
8,90.98656104571063,False,6.4,2.3699,0,131180.2,15226.4,343500,296235
9,90.13167970091826,False,4.56,1.8859,0,130793.7,15189.3,343500,235741
19,91.41420563804455,False,13.0,5.3843,0,132560.9,5611.6,292500,673032
20,91.1598432557236,False,15.0,6.169,0,132448.1,5639.2,292500,771127
21,91.20800612098323,False,12.0,5.1008,0,132523.0,5637.6,292500,637598
22,91.25855080818575,False,11.0,4.5606,0,132669.8,5635.7,292500,570077
8,91.72767493432792,False,6.4,2.6433,0,133150.3,5705.4,292500,330408
9,91.25871968770653,False,4.56,1.8134,0,133282.9,5506.5,292500,226672
19,92.28530268069993,False,13.0,5.0337,0,132313.0,7302.1,367500,629210
20,92.72726221770343,False,15.0,5.5991,0,132562.3,7233.7,367500,699892
21,92.17266517444038,False,12.0,4.4859,0,132535.9,7430.4,367500,560733
22,92.54502636379026,False,11.0,4.017,0,132595.5,7335.7,367500,502129
8,92.19433135928796,False,6.4,2.4455,0,132105.7,7417.0,367500,305690
9,92.8020594790601,False,4.56,1.7948,0,132644.8,7327.1,367500,224355
10,92.56640173408499,False,4.78,1.9404,0,132520.1,7421.9,367500,242553
19,93.24438845731977,False,13.0,4.8553,0,133051.6,7214.8,300000,606910
20,93.42223474976944,False,15.0,5.7205,0,132842.6,7331.6,300000,715065
21,93.17011116575408,False,12.0,4.4621,0,133249.6,7181.5,300000,557763
22,93.39630970781127,False,11.0,4.0078,0,133228.4,7240.2,300000,500977
8,93.9234254096697,False,6.4,2.5507,0,133446.1,7394.8,300000,318834
9,93.65639693168592,False,4.56,1.7114,0,133409.5,7324.6,300000,213929
10,93.71295588632164,False,4.78,1.8545,0,133249.4,7454.3,300000,231811
19,94.22877004434575,False,13.0,1.786,4,134179.1,9032.8,117000,223250
20,94.13674404020884,False,15.0,1.9582,4,134342.0,9084.2,117000,244770
21,94.23667572023427,False,12.0,1.5887,3,134482.0,9220.5,117000,198585
22,94.40657580668018,False,11.0,1.5355,3,134409.0,9111.8,117000,191931
8,94.77407200386692,False,6.4,0.9027,2,134289.4,9109.1,117000,112842
9,94.38961978274526,False,4.56,0.6794,1,134462.8,9307.7,117000,84920
10,94.56930996772422,False,4.78,0.6711,1,134087.6,9236.8,117000,83886
19,95.42319186288502,False,13.0,1.7024,2,134896.4,24451.7,135000,212803
20,95.40127210704048,False,15.0,2.0908,2,135341.5,24427.7,135000,261351
21,95.90016016749263,False,12.0,1.4861,2,135061.0,24593.1,135000,185762
22,95.83766296842492,False,11.0,1.5728,2,135050.1,24627.1,135000,196597
8,95.48131191756383,False,6.4,0.6857,1,134957.2,24376.8,135000,85712
9,95.80073806025676,False,4.56,0.5668,1,135097.8,24453.1,135000,70855
10,95.84865862799609,False,4.78,0.5875,1,135332.1,24615.7,135000,73437
19,96.93557382393476,False,13.0,4.883,0,131057.3,9794.6,394500,610369
20,96.63926779291754,False,15.0,5.5859,0,131218.6,9737.7,394500,698241
21,96.7943720702481,False,12.0,4.4549,0,130978.5,9681.1,394500,556857
22,96.74430689449711,False,11.0,4.1666,0,131040.8,9786.2,394500,520831
8,96.69799049729005,False,6.4,2.5119,0,130887.4,9627.0,394500,313991
9,96.86431271554505,False,4.56,1.8162,0,131202.9,9663.2,394500,227021
10,96.37956316964768,False,4.78,1.7961,0,131334.0,9842.3,394500,224507
19,97.18730383446645,False,13.0,2.5798,2,132292.9,8224.3,178500,322478
20,97.45628935482452,False,15.0,2.9467,3,132721.1,8240.9,178500,368341
21,97.1043473636225,False,12.0,2.388,2,132435.3,8272.4,178500,298497
22,97.35935301199983,False,11.0,2.2016,2,132547.2,8268.7,178500,275195
8,97.4037002540621,False,6.4,1.2888,1,132481.4,8093.4,178500,161094
9,97.2678536639231,False,4.56,0.8998,1,132397.2,8249.0,178500,112475
10,97.13786153007686,False,4.78,1.0359,1,132213.8,8177.6,178500,129486
19,98.36544483187112,False,13.0,4.9056,0,131587.1,25665.1,307500,613198
20,98.43625823459006,False,15.0,5.5207,0,131389.3,25528.6,307500,690088
21,98.13698787877335,False,12.0,4.5276,0,131849.5,25524.7,307500,565943
22,98.41099419745282,False,11.0,4.1703,0,131527.6,25551.0,307500,521292
8,98.81205078575545,False,6.4,2.5523,0,131563.6,25431.1,307500,319041
9,98.25408073511423,False,4.56,1.6194,0,132005.4,25509.8,307500,202421
10,98.59008961460334,False,4.78,1.8115,0,131970.2,25468.7,307500,226441
19,99.34156667152531,False,13.0,3.6907,1,135782.4,10537.7,210000,461331
20,99.90585152237006,False,15.0,4.1179,1,135696.5,10261.5,210000,514731
21,99.11915994044789,False,12.0,3.4549,1,135914.1,10311.8,210000,431861
22,99.42623046270391,False,11.0,3.138,1,135720.5,10540.1,210000,392254
8,99.3710766751065,False,6.4,1.8194,0,135569.8,10366.1,210000,227418
9,99.03523432849842,False,4.56,1.4395,0,135939.7,10294.6,210000,179935
22,100.33783200526014,False,11.0,11.0298,0,126221.0,2621.1,312000,1378721
8,100.85283122916111,False,6.4,6.61,0,126190.7,2533.0,312000,826254
9,100.47839975511668,False,4.56,4.5529,0,126612.6,2677.0,312000,569113
22,101.84895530167441,False,11.0,11.0084,0,122478.5,5895.2,346500,1376049
8,101.00691243926154,False,6.4,6.4154,0,122691.1,5701.2,346500,801921
9,101.33395730275731,False,4.56,4.4085,0,122700.2,5843.2,346500,551060
22,102.0675047535678,False,11.0,11.0044,0,122126.2,1226.0,291000,1375550
8,102.41322083450585,False,6.4,6.484,0,122019.0,1243.3,291000,810505
9,102.4880274019393,False,4.56,4.6953,0,122223.9,1427.5,291000,586913
22,103.05962467545129,False,11.0,10.9025,0,122251.0,1759.6,331500,1362810
8,103.16264397483968,False,6.4,6.2757,0,122101.7,1569.7,331500,784468
9,103.12260756643876,False,4.56,4.5084,0,122371.1,1664.1,331500,563555
22,104.07707795441269,False,11.0,11.1208,0,121912.0,1675.2,315000,1390099
8,104.01309652477624,False,6.4,6.4178,0,122049.7,1768.0,315000,802229
9,104.90011011484442,False,4.56,4.7443,0,122019.3,1792.2,315000,593043
8,105.37328339169169,False,6.4,6.334,0,120452.2,873.6,304500,791747
9,105.68433419714813,False,4.56,4.652,0,120183.7,834.8,304500,581496
8,106.78847615590824,False,6.4,6.1938,0,120686.3,807.3,271500,774227
9,106.54157489215942,False,4.56,4.5288,0,121126.0,703.0,271500,566104
8,107.0394133250513,False,6.4,6.6371,0,119662.0,993.7,357000,829634
9,107.1773039899349,False,4.56,4.7314,0,119892.9,882.6,357000,591427
8,108.75588068523153,False,6.4,6.6206,0,119995.2,912.7,322500,827577
9,108.62139218838722,False,4.56,4.8092,0,119908.9,973.1,322500,601144
8,109.90847080512539,False,6.4,6.4577,0,120182.2,2014.7,264000,807213
9,109.06834656754226,False,4.56,4.6563,0,120420.8,1975.8,264000,582040
8,110.35239819573593,False,6.4,6.2491,0,119960.7,581.1,273000,781135
9,110.37830225951538,False,4.56,4.5714,0,119965.4,634.7,273000,571430
8,111.29689861706458,False,6.4,6.2394,0,119668.4,1575.8,321000,779923
9,111.3588769646862,False,4.56,4.5839,0,120070.6,1713.4,321000,572987
8,112.79292933432602,False,6.4,6.3205,0,120664.6,1061.0,339000,790061
8,113.0250951182213,False,6.4,6.4272,0,120006.7,1356.1,289500,803405
8,114.60371463393264,False,6.4,6.3795,0,120417.9,381.8,330000,797435
8,115.145691618584,False,6.4,6.2031,0,119550.1,1240.6,307500,775386
8,116.00598657275214,False,6.4,6.503,0,120285.4,1744.0,309000,812881
8,117.91679896422008,False,6.4,6.719,0,119669.9,1272.2,279000,839873
8,118.8756339403208,False,6.4,6.7073,0,120024.6,499.5,324000,838409
8,119.16456706843114,False,6.4,7.0666,0,120665.5,1840.3,277500,883319
8,120.7522254218441,False,6.4,6.432,0,119430.2,1450.3,324000,803999
8,121.59145495014769,False,6.4,6.2313,0,119766.8,861.4,300000,778907
8,122.73646613542913,False,6.4,6.5783,0,119688.8,718.7,334500,822283
8,123.9519352248162,False,6.4,6.1398,0,120679.0,1893.8,337500,767480
8,124.90045298828201,False,6.4,6.1404,0,120121.4,1248.9,324000,767544
8,125.33843055149809,False,6.4,6.7946,0,119881.4,1540.9,349500,849329
11,128.78599578211734,False,13.7,13.8333,0,119638.5,540.4,295500,1729164
11,129.79704633892072,False,13.7,14.2153,0,120475.1,1901.6,318000,1776916
11,130.39785750852437,False,13.7,13.5798,0,120531.9,489.9,360000,1697473
11,131.353412605174,False,13.7,13.8437,0,120414.6,646.1,307500,1730467
11,132.5402390091249,False,13.7,13.1917,0,128981.3,6769.2,373500,1648963
12,132.47777522330492,False,12.21,11.7929,0,128697.6,6769.0,373500,1474107
11,133.51979884684292,False,13.7,13.1864,0,128144.8,7769.5,333000,1648297
12,133.12221536715225,False,12.21,11.7298,0,128832.0,7634.2,333000,1466220
11,134.5451538546442,False,13.7,13.4229,0,128286.5,19084.8,286500,1677866
12,134.7239380834539,False,12.21,11.9435,0,128379.9,19013.1,286500,1492935
11,135.0677563021502,False,13.7,8.3751,0,131419.2,5810.8,294000,1046892
12,135.38969916507466,False,12.21,7.731,0,131136.4,5795.5,294000,966368
23,135.86095318796404,False,14.0,8.8646,0,131228.9,5718.3,294000,1108078
11,136.17999947630898,False,13.7,8.5762,0,131982.6,2774.5,339000,1072027
12,136.52999429038104,False,12.21,7.5141,0,131961.2,2732.3,339000,939260
23,136.04108235225482,False,14.0,8.6369,0,132115.6,2583.8,339000,1079608
11,137.6602581729841,False,13.7,12.4667,0,134620.6,7704.2,321000,1558342
23,137.92086355083393,False,14.0,12.7335,0,134979.2,7662.6,321000,1591687
11,138.718824002969,False,13.7,12.1037,0,132904.8,10539.6,330000,1512963
23,138.55877242190195,False,14.0,12.504,0,132725.2,10683.5,330000,1562998
11,139.6110222848458,False,13.7,9.0599,0,130316.5,5134.3,337500,1132481
23,139.19010313544499,False,14.0,9.383,0,130272.0,5197.9,337500,1172869
13,139.48488800930835,False,9.94,6.7695,0,130548.8,5201.1,337500,846184
11,140.19558034662168,False,13.7,5.503,0,134026.9,25917.1,357000,687872
23,140.43188356609357,False,14.0,5.7813,0,134057.1,25786.8,357000,722658
13,140.55258947205152,False,9.94,4.0666,0,134342.2,25844.4,357000,508326
14,140.4973481017724,False,7.11,3.0157,0,133916.8,26038.1,357000,376963
24,140.47002131598322,False,16.0,6.7851,0,133783.9,25772.4,357000,848141
11,141.54728672696118,False,13.7,5.7064,0,135986.3,8683.3,298500,713294
23,141.96273677612763,False,14.0,5.7594,0,136373.7,8705.3,298500,719922
13,141.47866310425573,False,9.94,4.3366,0,136108.2,8750.7,298500,542081
14,141.82909779442258,False,7.11,2.8524,0,136007.4,8711.5,298500,356547
24,141.7610596600489,False,16.0,6.5228,0,135910.8,8831.2,298500,815346
11,142.03609644031735,False,13.7,5.6744,0,134428.0,4290.2,306000,709295
23,142.41749549135065,False,14.0,5.904,0,134520.3,4333.2,306000,737996
13,142.56519798321463,False,9.94,4.103,0,134452.4,4427.7,306000,512872
14,142.3631303374398,False,7.11,2.8131,0,134338.4,4286.4,306000,351640
24,142.96037371210005,False,16.0,6.6346,0,134497.5,4544.3,306000,829320
11,143.28235374465362,False,13.7,5.7341,0,134007.6,2927.3,306000,716763
23,143.7501987947714,False,14.0,5.7578,0,134234.1,2861.7,306000,719727
13,143.05566205190246,False,9.94,4.0443,0,133573.4,2994.5,306000,505538
14,143.54094300347,False,7.11,3.0466,0,133798.3,2900.2,306000,380822
24,143.55362595045077,False,16.0,6.5866,0,133558.4,2972.7,306000,823324
11,144.95404833680018,False,13.7,3.8073,2,135282.9,13543.3,192000,475907
23,144.67628314286583,False,14.0,4.1235,2,134949.4,13562.4,192000,515439
14,144.57590431219873,False,7.11,2.0357,1,135417.9,13576.4,192000,254459
24,144.6421961238238,False,16.0,4.5059,3,135561.3,13802.5,192000,563236
11,145.30659479399415,False,13.7,5.5107,0,134467.8,21683.8,315000,688833
23,145.18220432432972,False,14.0,5.6818,0,134531.5,21734.7,315000,710227
14,145.6104557583836,False,7.11,2.8286,0,134629.9,21712.1,315000,353573
24,145.14647875076832,False,16.0,6.3969,0,134256.8,21784.9,315000,799615
25,145.42125060267912,False,12.0,4.7757,0,134233.7,21875.1,315000,596958
11,146.44136729432876,False,13.7,1.9355,5,133314.0,19560.1,117000,241937
23,146.53297947108,False,14.0,2.0229,5,133317.2,19575.8,117000,252860
14,146.13235869785544,False,7.11,1.002,2,133456.2,19798.7,117000,125252
24,146.92879936079947,False,16.0,2.3195,5,133387.6,19658.8,117000,289935
25,146.75766313653014,False,12.0,1.636,4,133060.3,19760.1,117000,204494
11,147.3833509097981,False,13.7,5.4703,0,134275.0,2895.8,330000,683783
23,147.63634963934513,False,14.0,5.4253,0,133894.9,3171.6,330000,678167
14,147.86083833509684,False,7.11,2.9245,0,134014.2,3007.0,330000,365559
24,147.38981759014976,False,16.0,6.2448,0,133893.9,3103.5,330000,780601
25,147.22604793984493,False,12.0,4.6259,0,134536.1,3099.4,330000,578238
11,148.16633985167076,False,13.7,2.0058,7,133583.8,7560.8,105000,250730
23,148.57747417570235,False,14.0,1.9487,8,133311.6,7435.7,105000,243583
14,148.69408661149063,False,7.11,1.2162,4,133847.9,7544.3,105000,152027
24,148.68480291299335,False,16.0,2.373,9,133123.8,7420.7,105000,296629
25,148.96924152238375,False,12.0,1.7414,6,133667.6,7528.9,105000,217673
11,149.7100892571071,False,13.7,1.8871,7,135450.6,24888.7,138000,235886
23,149.45231919101988,False,14.0,2.0553,7,136067.0,24875.1,138000,256912
14,149.69019459174746,False,7.11,0.7395,4,135890.2,24905.8,138000,92434
24,149.41299263618595,False,16.0,2.1194,8,135986.3,24780.7,138000,264927
25,149.5521118042736,False,12.0,1.622,6,136057.0,24863.7,138000,202752
11,150.8492792056823,False,13.7,5.2078,0,132413.4,15042.4,411000,650978
23,150.29488080440632,False,14.0,5.4167,0,132270.2,14940.3,411000,677087
14,150.16452314961364,False,7.11,2.7821,0,132692.6,14969.8,411000,347764
24,150.9782428351951,False,16.0,6.3452,0,132356.0,15004.5,411000,793151
25,150.45575181940347,False,12.0,4.5915,0,132378.7,15168.9,411000,573938
11,151.03896826102152,False,13.7,5.3431,0,134431.6,22435.2,364500,667888
23,151.42406828256316,False,14.0,5.5494,0,134013.5,22561.7,364500,693669
14,151.47221355869146,False,7.11,2.8054,0,134422.4,22540.6,364500,350676
24,151.33245820099512,False,16.0,6.4426,0,134184.0,22648.1,364500,805328
25,151.50386945001782,False,12.0,4.8327,0,134271.6,22668.5,364500,604087
11,152.14138616142813,False,13.7,5.3131,0,131703.0,7262.5,324000,664135
23,152.40091890150242,False,14.0,5.4424,0,131898.2,7058.5,324000,680301
14,152.43516731235516,False,7.11,2.7664,0,131807.1,7021.2,324000,345795
24,152.08609735005336,False,16.0,6.2376,0,131792.0,7069.7,324000,779702
25,152.90049943719984,False,12.0,4.7901,0,131863.3,7146.1,324000,598764
11,153.44544423752617,False,13.7,4.7091,0,131495.8,9557.4,303000,588642
23,153.2846360873899,False,14.0,4.9539,0,131671.5,9778.7,303000,619241
14,153.167470274904,False,7.11,2.6577,0,131946.9,9601.8,303000,332207
24,153.53834919968784,False,16.0,5.788,0,131482.7,9548.3,303000,723499
25,153.60522823968526,False,12.0,4.1677,0,131877.2,9777.2,303000,520957
15,153.3806706555692,False,10.24,3.6725,0,131368.8,9531.2,303000,459065
11,154.47933130184177,False,13.7,4.5627,0,135639.1,15366.1,391500,570341
23,154.80187895624664,False,14.0,4.7849,0,136294.4,15234.2,391500,598112
14,154.25824075350246,False,7.11,2.3345,0,135876.9,15282.9,391500,291808
24,154.56548719212327,False,16.0,5.1374,0,136139.5,15421.7,391500,642173
25,154.71083403634574,False,12.0,4.1766,0,136060.9,15306.5,391500,522072
15,154.39053459693048,False,10.24,3.3984,0,135973.6,15268.9,391500,424797
11,155.94855673860644,False,13.7,4.6163,0,133975.1,5933.6,348000,577038
23,155.95695599868714,False,14.0,4.681,0,133616.6,5912.2,348000,585128
14,155.6808915143021,False,7.11,2.2251,0,133746.5,5801.4,348000,278134
24,155.04880154783677,False,16.0,5.5295,0,133685.8,5659.0,348000,691182
25,155.48610956504223,False,12.0,3.9193,0,133621.6,5738.2,348000,489910
15,155.96515523008213,False,10.24,3.3783,0,133748.5,5736.4,348000,422292
11,156.97350736073008,False,13.7,4.5145,0,132953.7,13022.8,333000,564313
23,156.60125117262513,False,14.0,4.826,0,133156.4,13064.7,333000,603248
14,156.5901812230544,False,7.11,2.436,0,133256.5,12869.1,333000,304499
24,156.03005026747766,False,16.0,5.344,0,133515.1,13102.4,333000,667994
25,156.13244036354402,False,12.0,4.0559,0,133619.5,12915.1,333000,506985
15,156.53935307442333,False,10.24,3.4165,0,133154.4,13035.9,333000,427063
11,157.21140742594542,False,13.7,4.3186,0,134568.5,14699.5,390000,539821
23,157.36301209090595,False,14.0,4.6169,0,134560.9,14693.1,390000,577116
14,157.79213620692457,False,7.11,2.2888,0,134691.2,14914.3,390000,286105
24,157.76995063096712,False,16.0,4.9742,0,134526.1,14779.6,390000,621778
25,157.68036200002607,False,12.0,3.8261,0,134725.8,14735.8,390000,478266
15,157.0097292770441,False,10.24,3.2169,0,134670.8,14838.3,390000,402113
11,158.75858301803277,False,13.7,4.56,0,132630.5,12967.7,303000,569999
23,158.4418630963867,False,14.0,4.9292,0,132695.9,12847.8,303000,616146
14,158.22290941397378,False,7.11,2.5473,0,133033.0,13055.9,303000,318414
24,158.15479852022844,False,16.0,5.6346,0,133134.5,13034.2,303000,704330
25,158.4696905650057,False,12.0,4.1869,0,133125.1,12842.1,303000,523362
15,158.5636119345681,False,10.24,3.6232,0,132452.9,13026.4,303000,452894
11,159.23052997130733,False,13.7,4.6119,0,134178.5,4286.2,409500,576483
23,159.49909151349925,False,14.0,4.4829,0,133706.3,4325.4,409500,560358
14,159.13195141550136,False,7.11,2.2596,0,133553.8,4410.1,409500,282446
24,159.79987775482792,False,16.0,5.2877,0,133786.4,4503.6,409500,660957
25,159.8259815477919,False,12.0,3.97,0,133779.8,4464.0,409500,496244
15,159.52342024668522,False,10.24,3.6089,0,133919.3,4408.4,409500,451107
11,160.4306644483968,False,13.7,4.6714,0,135665.3,11434.0,354000,583923
23,160.6847269679536,False,14.0,4.8032,0,135368.4,11449.6,354000,600394
14,160.1440603279595,False,7.11,2.3676,0,135817.8,11440.8,354000,295947
24,160.10564470091134,False,16.0,5.4519,0,135940.8,11549.7,354000,681489
25,160.61979416189098,False,12.0,4.1719,0,135802.3,11658.0,354000,521488
15,160.93355295623041,False,10.24,3.4438,0,135606.7,11525.1,354000,430479
11,161.11137809922135,False,13.7,4.8622,0,133929.6,12285.6,400500,607774
23,161.33755235390655,False,14.0,4.7634,0,134045.0,12264.2,400500,595430
14,161.68972209799446,False,7.11,2.4955,0,133822.7,12079.9,400500,311934
24,161.96584589996507,False,16.0,5.6234,0,133957.9,12364.8,400500,702929
25,161.6436852947812,False,12.0,4.2934,0,134119.9,12111.0,400500,536670
15,161.81812640848455,False,10.24,3.4963,0,133841.3,12181.2,400500,437034
11,162.42262578054508,False,13.7,3.8226,0,134415.3,20806.3,354000,477829
23,162.3085363874881,False,14.0,4.0219,0,134034.4,20982.1,354000,502736
14,162.35645930291142,False,7.11,1.9271,0,134054.4,21081.6,354000,240886
24,162.6556098367463,False,16.0,4.2886,0,133978.6,20994.5,354000,536073
25,162.12399871878526,False,12.0,3.2816,0,134229.8,20884.5,354000,410204
15,162.8609989260031,False,10.24,2.853,0,134067.4,20969.1,354000,356619
16,162.07619949117793,False,15.64,4.3923,0,134239.1,20927.6,354000,549031
11,163.41708787281704,False,13.7,1.468,4,134388.7,25560.6,142500,183497
23,163.10085997649816,False,14.0,1.4294,4,133967.1,25544.9,142500,178671
14,163.54101159741512,False,7.11,0.6884,2,134518.6,25589.9,142500,86052
24,163.18472419590444,False,16.0,1.6181,5,134219.0,25661.9,142500,202261
25,163.58192046487798,False,12.0,1.1494,4,134185.7,25504.3,142500,143669
15,163.32347150166294,False,10.24,1.0324,3,134164.2,25733.0,142500,129050
16,163.02634228241692,False,15.64,1.6711,5,133941.1,25569.4,142500,208882
11,164.7342672877019,False,13.7,1.4396,2,133090.4,5085.7,127500,179951
23,164.12484904026184,False,14.0,1.289,2,132936.7,5017.2,127500,161121
14,164.95310525802253,False,7.11,0.7462,1,132649.8,5169.1,127500,93270
24,164.8047224618214,False,16.0,1.4793,3,132903.9,4943.2,127500,184915
25,164.69624445545512,False,12.0,1.3822,2,133059.4,5145.9,127500,172774
15,164.63404280125332,False,10.24,1.084,2,132900.7,4997.3,127500,135498
16,164.57399491539462,False,15.64,1.5775,3,132794.5,4921.5,127500,197193
11,165.23302942927938,False,13.7,3.4427,0,133803.1,11754.0,336000,430331
23,165.14279762090692,False,14.0,3.5511,0,133964.3,11764.7,336000,443881
14,165.14514841158825,False,7.11,1.7588,0,134291.1,11974.7,336000,219848
24,165.6765951210057,False,16.0,3.836,0,134101.8,11748.2,336000,479494
25,165.44349193981836,False,12.0,3.1164,0,134074.5,11794.0,336000,389549
15,165.2918690659633,False,10.24,2.5573,0,133957.7,11788.9,336000,319658
16,165.9061370409755,False,15.64,3.9561,0,133575.5,11776.9,336000,494516
11,166.64999707537567,False,13.7,4.348,0,133317.6,9020.9,348000,543498
23,166.67005184319373,False,14.0,4.3872,0,133474.3,9273.6,348000,548403
14,166.09208723517006,False,7.11,2.1363,0,133258.4,9081.0,348000,267042
24,166.1290172288406,False,16.0,5.1555,0,133305.7,9032.3,348000,644432
25,166.16518009242353,False,12.0,3.6503,0,133484.8,9019.2,348000,456292
16,166.67035302084773,False,15.64,5.0398,0,133124.3,9151.1,348000,629969
11,167.0386163565552,False,13.7,1.6204,4,134154.3,33012.6,129000,202553
23,167.8240671312849,False,14.0,1.6474,4,133838.8,33103.7,129000,205929
14,167.97574472661327,False,7.11,0.8958,2,134100.9,33226.8,129000,111975
24,167.10595884286892,False,16.0,1.6625,5,134019.7,33172.4,129000,207817
25,167.62432894203326,False,12.0,1.3414,4,133878.3,33047.7,129000,167678
16,167.75450832424582,False,15.64,1.559,5,133474.2,33025.9,129000,194872
11,168.2503090266834,False,13.7,4.3868,0,135490.1,8215.8,403500,548352
23,168.62684688814682,False,14.0,4.4564,0,135465.5,8268.3,403500,557047
14,168.02784029121514,False,7.11,2.1723,0,135687.6,8210.4,403500,271537
24,168.81477353870247,False,16.0,5.2526,0,135227.8,8038.4,403500,656569
25,168.59008315952286,False,12.0,3.9006,0,135269.7,8116.2,403500,487575
16,168.98935679746748,False,15.64,4.9666,0,135599.9,8240.5,403500,620828
11,169.95579414825463,False,13.7,5.3554,0,134282.4,4813.8,331500,669424
23,169.1343883945689,False,14.0,5.5431,0,134622.8,4853.5,331500,692885
14,169.2690004229092,False,7.11,2.7623,0,134281.2,4645.0,331500,345286
24,169.33880326953113,False,16.0,6.2894,0,134684.1,4641.4,331500,786174
25,169.1648731283623,False,12.0,4.7535,0,134471.9,4739.8,331500,594189
11,170.11917436801048,False,13.7,1.9229,3,134477.0,12768.3,145500,240363
23,170.83451602763162,False,14.0,2.0721,3,134538.8,12900.3,145500,259008
14,170.17222406884432,False,7.11,1.1924,2,134419.3,12970.9,145500,149051
24,170.35792478588533,False,16.0,2.4216,4,134235.7,12772.5,145500,302695
25,170.8078961895432,False,12.0,1.7282,3,134513.4,12893.7,145500,216019
11,171.87772948708738,False,13.7,5.6049,0,133255.5,13146.7,292500,700612
23,171.41320911238248,False,14.0,5.7598,0,133023.1,13157.1,292500,719978
14,171.31681595195653,False,7.11,2.7621,0,133184.6,13188.9,292500,345267
24,171.84306558601708,False,16.0,6.2596,0,133323.0,13256.0,292500,782451
25,171.14243739383588,False,12.0,4.7622,0,133525.8,13196.8,292500,595269
11,172.00738850901305,False,13.7,5.3083,0,134351.6,13819.9,303000,663537
23,172.7248970142491,False,14.0,5.7094,0,133779.5,13797.3,303000,713673
14,172.2086554684356,False,7.11,2.8808,0,133782.3,13841.0,303000,360106
24,172.41147150420886,False,16.0,6.3999,0,133633.7,13913.4,303000,799986
25,172.44360463241026,False,12.0,4.8119,0,133817.8,13865.2,303000,601492
11,173.35515508543747,False,13.7,5.2712,0,133432.7,23795.8,403500,658901
23,173.56019326953657,False,14.0,5.5335,0,133480.1,23753.5,403500,691684
14,173.48744337821424,False,7.11,2.9836,0,133366.4,23783.6,403500,372950
24,173.90569372835313,False,16.0,6.3087,0,133169.6,23681.5,403500,788584
25,173.6252289348894,False,12.0,4.7803,0,133417.8,23767.7,403500,597537
11,174.09815465115486,False,13.7,1.8117,7,136412.7,5371.2,144000,226457
23,174.21826577618938,False,14.0,1.87,8,136809.2,5491.9,144000,233753
14,174.7033175968623,False,7.11,0.9629,4,136156.1,5536.5,144000,120368
24,174.97473013741237,False,16.0,2.2971,9,135863.3,5283.8,144000,287136
25,174.1083875424083,False,12.0,1.5574,6,136579.3,5434.2,144000,194679
11,175.76905315356788,False,13.7,13.3339,0,127178.9,2964.1,348000,1666734
14,175.07784044387986,False,7.11,7.0836,0,127345.3,3016.6,348000,885447
11,176.3854958818702,False,13.7,13.6811,0,122314.9,7309.2,325500,1710137
14,176.23660770340945,False,7.11,7.2458,0,122698.7,7076.5,325500,905725
11,177.0194549679194,False,13.7,13.8303,0,120351.2,1796.1,319500,1728792
14,177.67344818144707,False,7.11,7.0792,0,120422.8,1727.9,319500,884905
11,178.78218241747172,False,13.7,13.4975,0,121049.2,1056.6,268500,1687189
14,178.30582854561533,False,7.11,6.9668,0,121019.8,1195.5,268500,870850
11,179.39635306057144,False,13.7,13.7115,0,120116.6,1459.5,319500,1713940
14,179.47903849191863,False,7.11,7.032,0,120359.3,1447.7,319500,878996
11,180.7970680166671,False,13.7,9.7146,0,129137.7,17935.5,328500,1214320
14,180.04936154493518,False,7.11,4.9663,0,129182.0,18160.9,328500,620791
17,180.6386985824679,False,14.74,10.4099,0,128792.6,18048.0,328500,1301236
11,181.65928769441965,False,13.7,9.6095,0,133222.4,10602.0,339000,1201182
14,181.07149105348185,False,7.11,4.7783,0,133699.6,10472.0,339000,597289
17,181.4804377277211,False,14.74,10.3363,0,133676.5,10551.9,339000,1292043
11,182.86367061772125,False,13.7,9.6883,0,130841.1,19811.0,369000,1211038
14,182.51318180870197,False,7.11,4.895,0,131105.0,20048.0,369000,611869
17,182.79565651735854,False,14.74,10.3973,0,130903.2,19835.3,369000,1299663
11,183.1311459497785,False,13.7,9.366,0,132742.6,4688.5,372000,1170745
14,183.41380424465186,False,7.11,5.2179,0,133122.4,4489.3,372000,652240
17,183.71279683460116,False,14.74,10.4669,0,132642.8,4501.1,372000,1308359
11,184.7810248233362,False,13.7,9.691,0,134297.8,13667.2,309000,1211368
14,184.70652368028104,False,7.11,5.0789,0,134207.2,13631.1,309000,634867
17,184.4232664368061,False,14.74,10.4237,0,134664.8,13598.5,309000,1302964
11,185.10473855507007,False,13.7,8.0263,0,131626.3,19981.4,304500,1003290
14,185.50838268807436,False,7.11,4.2728,0,131799.8,20034.6,304500,534104
17,185.83972109726736,False,14.74,8.5855,0,131921.6,19872.0,304500,1073189
11,186.83831715185104,False,13.7,3.5033,5,133522.2,3915.3,123000,437917
14,186.48700874379873,False,7.11,1.9528,3,133919.1,3868.2,123000,244100
17,186.4816179380751,False,14.74,3.9703,6,133769.5,4006.4,123000,496288
11,187.93978836003842,False,13.7,3.4452,5,132636.9,7239.9,106500,430655
14,187.30401686592666,False,7.11,1.7363,3,132594.7,7306.4,106500,217039
17,187.54619524829977,False,14.74,3.7797,5,132671.5,7331.5,106500,472468
14,188.373574992458,False,7.11,7.0245,0,125373.5,6858.8,292500,878065
17,188.75192494722978,False,14.74,14.64,0,125620.1,6706.5,292500,1829994
14,189.4147436482041,False,7.11,7.2479,0,122708.6,2909.2,381000,905988
17,189.20292944049766,False,14.74,14.8287,0,123125.7,3072.0,381000,1853586
14,190.3490039488875,False,7.11,6.9372,0,122316.2,793.5,328500,867149
17,190.1253707542632,False,14.74,14.3688,0,122464.7,803.0,328500,1796101
14,191.19402038285475,False,7.11,6.5536,0,131155.3,2825.6,354000,819206
17,191.26704504121503,False,14.74,13.6676,0,131381.2,2964.4,354000,1708445
18,191.26239681453518,False,5.06,4.7716,0,131677.4,3097.7,354000,596447
14,192.00387919120158,False,7.11,6.6119,0,131953.2,12149.3,363000,826486
17,192.14975164161805,False,14.74,13.7979,0,132222.1,12205.3,363000,1724738
18,192.5342651710141,False,5.06,4.6538,0,131634.3,12342.1,363000,581730
14,193.63102845639713,False,7.11,6.6758,0,132509.2,13296.3,306000,834476
17,193.10731636898944,False,14.74,13.8725,0,132966.3,13124.8,306000,1734061
18,193.5071379582375,False,5.06,4.7996,0,132764.2,13066.8,306000,599954
14,194.57397372734485,False,7.11,6.7741,0,133763.6,11024.4,351000,846760
17,194.18547332341353,False,14.74,13.5022,0,133822.1,10759.4,351000,1687774
18,194.15323817449766,False,5.06,4.5916,0,133893.9,10991.4,351000,573953
14,195.25211712823105,False,7.11,6.3698,0,132926.8,11939.4,361500,796219
17,195.05536708662694,False,14.74,13.1719,0,133031.1,12123.7,361500,1646483
18,195.5068192443751,False,5.06,4.559,0,133122.7,12078.6,361500,569874
14,196.19571340008335,False,7.11,6.8509,0,133976.4,24695.4,298500,856356
17,196.11516840986192,False,14.74,13.7588,0,133412.2,24707.2,298500,1719847
18,196.13427034984724,False,5.06,4.7542,0,133871.6,24733.3,298500,594273
14,197.77491821750888,False,7.11,5.9,1,130452.5,7090.7,354000,737501
17,197.24100819059777,False,14.74,12.1626,1,130690.5,6944.7,354000,1520328
18,197.69624725350184,False,5.06,4.129,0,130712.3,6919.7,354000,516128
14,198.08951478801373,False,7.11,6.717,0,134458.7,20001.5,390000,839627
17,198.4915502680083,False,14.74,13.6756,0,134156.1,19821.8,390000,1709455
18,198.76511168259225,False,5.06,4.7064,0,134300.2,19911.7,390000,588304
14,199.36961962942152,False,7.11,6.5514,0,133323.2,6216.2,304500,818923
17,199.18847796843406,False,14.74,13.7166,0,133158.6,6318.4,304500,1714571
18,199.12015820530314,False,5.06,4.6168,0,133192.7,6294.7,304500,577104
